Start date/time in UTC,Timezone,Duration (s),Observer ID,Latitude,Longitude,Mean volume (dBA),Could control noise exposure,Indoors,Noise_Source,Nominated as noise refuge,Start date UTC,Start time UTC,Mood_scale,timestamp,hour_of_day,day_of_month,month,day_of_week
2022-02-08 14:07:20,New York,29,56,42.71516,-76.40451,42,False,True,"speaking head in silhouette,rolling on the floor laughing",False,2022-02-08,14:07:20,Happy,2022-02-08 14:07:20,14,8,2,2
2022-02-08 14:56:00,New York,29,54,42.71489,-76.40509,39,True,True,multiple musical notes,False,2022-02-08,14:56:00,Extremely Happy,2022-02-08 14:56:00,14,8,2,2
2022-02-08 15:46:02,New York,29,55,42.38951,-71.14181,70,False,False,"automobile,motorway",False,2022-02-08,15:46:02,Neutral,2022-02-08 15:46:02,15,8,2,2
2022-02-09 10:17:05,New York,29,61,41.82063,-71.42895,72,True,True,"multiple musical notes,violin,trumpet",False,2022-02-09,10:17:05,Extremely Happy,2022-02-09 10:17:05,10,9,2,3
2022-02-09 11:07:23,New York,29,64,42.47998,-76.45123,39,False,True,,False,2022-02-09,11:07:23,Happy,2022-02-09 11:07:23,11,9,2,3
2022-02-10 07:04:54,New York,29,73,33.5587,-84.55818,52,True,True,television,True,2022-02-10,07:04:54,Neutral,2022-02-10 07:04:54,7,10,2,4
2022-02-10 08:12:15,New York,29,79,33.50624,-84.33269,52,False,False,,False,2022-02-10,08:12:15,Extremely Happy,2022-02-10 08:12:15,8,10,2,4
2022-02-10 08:36:31,New York,29,78,32.46815,-83.72557,59,False,True,school,False,2022-02-10,08:36:31,Happy,2022-02-10 08:36:31,8,10,2,4
2022-02-10 08:59:26,New York,29,76,33.65593,-84.48597,72,False,True,,False,2022-02-10,08:59:26,Neutral,2022-02-10 08:59:26,8,10,2,4
2022-02-10 09:00:52,New York,29,61,41.82048,-71.42895,62,True,True,,False,2022-02-10,09:00:52,Neutral,2022-02-10 09:00:52,9,10,2,4
2022-02-10 09:20:29,New York,29,81,42.46009,-76.48364,47,True,True,,False,2022-02-10,09:20:29,Neutral,2022-02-10 09:20:29,9,10,2,4
2022-02-10 10:20:33,New York,29,82,42.48014,-76.45105,34,True,True,desktop computer,False,2022-02-10,10:20:33,Neutral,2022-02-10 10:20:33,10,10,2,4
2022-02-10 11:25:07,New York,29,65,40.61101,-75.49441,52,True,True,"bell,rolling on the floor laughing",False,2022-02-10,11:25:07,Neutral,2022-02-10 11:25:07,11,10,2,4
2022-02-10 11:42:19,New York,29,84,40.61413,-75.35048,63,True,False,,True,2022-02-10,11:42:19,Extremely Happy,2022-02-10 11:42:19,11,10,2,4
2022-02-10 15:18:48,New York,29,87,39.94969,-75.1672,53,False,True,"automobile,bird,taxi,bus,man+personal computer,office building",False,2022-02-10,15:18:48,Happy,2022-02-10 15:18:48,15,10,2,4
2022-02-10 15:25:04,New York,29,88,42.54205,-76.53897,46,False,False,,False,2022-02-10,15:25:04,Neutral,2022-02-10 15:25:04,15,10,2,4
2022-02-11 08:09:46,New York,29,94,39.94695,-75.16708,58,True,True,woman,False,2022-02-11,08:09:46,Neutral,2022-02-11 08:09:46,8,11,2,5
2022-02-11 13:43:37,New York,29,87,39.94971,-75.17148,68,False,False,"automobile,multiple musical notes,fountain,bird,bus,trumpet,honeybee,deciduous tree,speaking head in silhouette,rolling on the floor laughing",True,2022-02-11,13:43:37,Happy,2022-02-11 13:43:37,13,11,2,5
2022-02-11 15:36:50,New York,29,62,42.47711,-76.46714,70,False,False,,False,2022-02-11,15:36:50,Neutral,2022-02-11 15:36:50,15,11,2,5
2022-02-11 15:39:19,New York,29,62,42.47642,-76.46707,81,False,False,"automobile,bird,bus,wind blowing face,deciduous tree,speaking head in silhouette,rolling on the floor laughing",False,2022-02-11,15:39:19,Neutral,2022-02-11 15:39:19,15,11,2,5
2022-02-11 15:43:31,New York,29,62,42.47696,-76.46715,78,False,False,"automobile,vertical traffic light,bird,bus,wind blowing face,deciduous tree,speaking head in silhouette,rolling on the floor laughing",False,2022-02-11,15:43:31,Neutral,2022-02-11 15:43:31,15,11,2,5
2022-02-11 17:57:44,New York,29,78,33.79872,-84.51763,58,False,True,speaking head in silhouette,False,2022-02-11,17:57:44,Happy,2022-02-11 17:57:44,17,11,2,5
2022-02-12 08:00:25,New York,29,79,33.50631,-84.33275,40,False,False,,True,2022-02-12,08:00:25,Happy,2022-02-12 08:00:25,8,12,2,6
2022-02-12 18:36:20,New York,29,62,42.51826,-76.50368,59,False,True,"speaker with three sound waves,ice skate,office building,speaking head in silhouette,soccer ball",False,2022-02-12,18:36:20,Neutral,2022-02-12 18:36:20,18,12,2,6
2022-02-15 18:21:28,New York,29,130,43.27929,-76.1491,71,False,True,pistol,False,2022-02-15,18:21:28,Neutral,2022-02-15 18:21:28,18,15,2,2
2022-02-17 08:21:00,New York,29,130,43.05574,-76.15769,69,False,False,national park,False,2022-02-17,08:21:00,Neutral,2022-02-17 08:21:00,8,17,2,4
2022-02-18 16:22:19,New York,29,138,33.56164,-84.56215,39,True,True,house with garden,False,2022-02-18,16:22:19,Happy,2022-02-18 16:22:19,16,18,2,5
2022-02-18 18:20:13,New York,29,79,33.50646,-84.33327,43,False,False,,False,2022-02-18,18:20:13,Happy,2022-02-18 18:20:13,18,18,2,5
2022-02-19 12:37:39,New York,29,79,33.79564,-84.40785,73,False,False,automobile,False,2022-02-19,12:37:39,Somewhat Sad,2022-02-19 12:37:39,12,19,2,6
2022-03-01 09:57:03,New York,29,138,33.66312,-84.45629,66,False,False,"bird,airplane,honeybee",True,2022-03-01,09:57:03,Happy,2022-03-01 09:57:03,9,1,3,2
2022-03-01 10:43:02,New York,29,55,42.42242,-71.19022,44,False,True,,False,2022-03-01,10:43:02,Neutral,2022-03-01 10:43:02,10,1,3,2
2022-03-01 11:17:00,New York,29,56,42.71512,-76.40454,39,True,True,,False,2022-03-01,11:17:00,Neutral,2022-03-01 11:17:00,11,1,3,2
2022-03-03 16:16:01,New York,29,158,37.70419,-84.98624,40,True,True,,False,2022-03-03,16:16:01,Happy,2022-03-03 16:16:01,16,3,3,4
2022-03-04 20:36:01,New York,29,145,32.38821,-82.94164,64,True,True,,False,2022-03-04,20:36:01,Neutral,2022-03-04 20:36:01,20,4,3,5
2022-03-11 14:19:29,New York,29,206,27.06671,-82.34645,58,True,True,,False,2022-03-11,14:19:29,Extremely Happy,2022-03-11 14:19:29,14,11,3,5
2022-03-12 15:28:36,New York,29,138,33.80946,-84.36619,63,False,False,"hammer,automobile,bus,delivery truck,racing car",False,2022-03-12,15:28:36,Neutral,2022-03-12 15:28:36,15,12,3,6
2022-03-15 10:27:37,New York,29,221,33.66671,-84.44527,75,False,False,,False,2022-03-15,10:27:37,Neutral,2022-03-15 10:27:37,10,15,3,2
2022-03-15 16:53:12,New York,29,224,33.87328,-84.3458,40,False,True,speaking head in silhouette,True,2022-03-15,16:53:12,Happy,2022-03-15 16:53:12,16,15,3,2
2022-03-16 09:40:13,New York,29,225,33.66682,-84.44511,68,True,False,,False,2022-03-16,09:40:13,Neutral,2022-03-16 09:40:13,9,16,3,3
2022-03-16 09:40:49,New York,29,227,33.66647,-84.4456,61,False,False,,False,2022-03-16,09:40:49,Happy,2022-03-16 09:40:49,9,16,3,3
2022-03-16 16:20:17,New York,29,234,40.71791,-73.99153,52,True,True,,False,2022-03-16,16:20:17,Neutral,2022-03-16 16:20:17,16,16,3,3
2022-03-16 21:21:57,New York,29,227,33.79041,-84.20495,45,False,True,,False,2022-03-16,21:21:57,Happy,2022-03-16 21:21:57,21,16,3,3
2022-03-19 08:24:39,New York,29,237,33.85457,-84.47992,47,False,True,,False,2022-03-19,08:24:39,Happy,2022-03-19 08:24:39,8,19,3,6
2022-03-19 14:38:26,New York,29,239,33.57274,-84.37,65,True,True,"television,speaking head in silhouette,rolling on the floor laughing",True,2022-03-19,14:38:26,Happy,2022-03-19 14:38:26,14,19,3,6
2022-03-19 20:11:58,New York,29,240,33.94985,-84.26957,65,False,False,,True,2022-03-19,20:11:58,Happy,2022-03-19 20:11:58,20,19,3,6
2022-03-23 21:23:50,New York,29,247,33.95323,-84.29308,48,True,True,"dog,television",False,2022-03-23,21:23:50,Happy,2022-03-23 21:23:50,21,23,3,3
2022-03-24 21:18:04,New York,29,248,33.92882,-84.2951,39,True,True,"automobile,vertical traffic light,taxi,bus,racing motorcycle,railway car",False,2022-03-24,21:18:04,Happy,2022-03-24 21:18:04,21,24,3,4
2022-03-28 20:54:48,New York,29,260,33.8644,-84.2939,66,True,False,"woman,soccer ball,rolling on the floor laughing",False,2022-03-28,20:54:48,Neutral,2022-03-28 20:54:48,20,28,3,1
2022-03-28 21:18:53,New York,29,242,33.88968,-84.27926,39,True,True,"multiple musical notes,desktop computer",False,2022-03-28,21:18:53,Happy,2022-03-28 21:18:53,21,28,3,1
2022-03-29 08:39:19,New York,29,261,33.86425,-84.29117,50,True,True,,False,2022-03-29,08:39:19,Happy,2022-03-29 08:39:19,8,29,3,2
2022-03-29 18:47:30,New York,29,263,33.79695,-84.40366,38,True,True,,False,2022-03-29,18:47:30,Neutral,2022-03-29 18:47:30,18,29,3,2
2022-03-29 19:08:58,New York,29,264,33.78311,-84.10702,55,False,False,,False,2022-03-29,19:08:58,Happy,2022-03-29 19:08:58,19,29,3,2
2022-03-29 20:34:09,New York,29,265,33.99403,-84.0713,52,False,False,"automobile,vertical traffic light,bird,racing motorcycle,wind blowing face",False,2022-03-29,20:34:09,Happy,2022-03-29 20:34:09,20,29,3,2
2022-03-29 21:18:31,New York,29,261,33.9077,-84.33777,53,False,False,,False,2022-03-29,21:18:31,Happy,2022-03-29 21:18:31,21,29,3,2
2022-03-29 21:51:15,New York,29,266,33.90772,-84.33777,55,False,False,,False,2022-03-29,21:51:15,Happy,2022-03-29 21:51:15,21,29,3,2
2022-03-30 04:59:06,New York,29,267,33.7823,-84.31601,52,False,False,,False,2022-03-30,04:59:06,Happy,2022-03-30 04:59:06,4,30,3,3
2022-03-30 13:31:20,New York,29,130,43.02808,-76.13647,49,False,True,speaking head in silhouette,False,2022-03-30,13:31:20,Neutral,2022-03-30 13:31:20,13,30,3,3
2022-04-01 22:56:11,New York,29,138,32.61494,-83.69051,46,False,True,"battery,automobile,cricket",False,2022-04-01,22:56:11,Happy,2022-04-01 22:56:11,22,1,4,5
2022-04-04 17:12:22,New York,29,221,33.84679,-84.23641,55,False,False,"automobile,railway track,racing motorcycle,woman,bird,deciduous tree",False,2022-04-04,17:12:22,Happy,2022-04-04 17:12:22,17,4,4,1
2022-04-05 23:15:26,New York,29,221,33.84681,-84.23637,52,False,True,sleeping face,False,2022-04-05,23:15:26,Very Sad,2022-04-05 23:15:26,23,5,4,2
2022-04-06 09:47:21,New York,29,275,40.85344,-73.06044,36,True,True,,False,2022-04-06,09:47:21,Extremely Happy,2022-04-06 09:47:21,9,6,4,3
2022-04-06 11:17:50,New York,29,130,43.02807,-76.13646,78,False,True,,False,2022-04-06,11:17:50,Somewhat Sad,2022-04-06 11:17:50,11,6,4,3
2022-04-08 21:19:17,New York,29,276,41.51647,-72.9282,53,True,True,"television,sleeping accommodation",False,2022-04-08,21:19:17,Happy,2022-04-08 21:19:17,21,8,4,5
2022-04-09 13:58:46,New York,29,276,41.5747,-73.05483,39,False,True,"ambulance,hospital",False,2022-04-09,13:58:46,Happy,2022-04-09 13:58:46,13,9,4,6
2022-04-14 08:53:09,New York,29,284,41.65418,-83.53736,53,False,True,"desktop computer,office building",False,2022-04-14,08:53:09,Neutral,2022-04-14 08:53:09,8,14,4,4
2022-04-15 15:47:30,New York,29,283,42.43177,-71.07092,60,False,False,,False,2022-04-15,15:47:30,Neutral,2022-04-15 15:47:30,15,15,4,5
2022-04-15 17:54:40,New York,29,292,33.9835,-84.45178,63,True,False,"bird,radio,speaker with three sound waves",False,2022-04-15,17:54:40,Neutral,2022-04-15 17:54:40,17,15,4,5
2022-04-24 16:13:35,New York,29,318,42.44695,-76.48896,37,True,True,,False,2022-04-24,16:13:35,Happy,2022-04-24 16:13:35,16,24,4,7
2022-04-24 22:36:42,New York,29,130,43.02813,-76.13638,48,False,True,,False,2022-04-24,22:36:42,Neutral,2022-04-24 22:36:42,22,24,4,7
2022-04-25 14:13:52,New York,29,329,42.44112,-71.0852,55,False,False,,False,2022-04-25,14:13:52,Neutral,2022-04-25 14:13:52,14,25,4,1
2022-04-25 14:24:44,New York,29,141,40.90696,-73.78117,73,False,False,"building construction,rolling on the floor laughing,man+personal computer,high-heeled shoe",False,2022-04-25,14:24:44,Somewhat Sad,2022-04-25 14:24:44,14,25,4,1
2022-04-25 14:27:39,New York,34,141,40.90686,-73.78124,73,False,False,,False,2022-04-25,14:27:39,Very Sad,2022-04-25 14:27:39,14,25,4,1
2022-04-25 14:47:03,New York,29,141,40.90691,-73.7812,63,False,False,"hammer and wrench,tractor,null,hammer,building construction",False,2022-04-25,14:47:03,Somewhat Sad,2022-04-25 14:47:03,14,25,4,1
2022-04-25 14:50:50,New York,29,141,40.90709,-73.7813,64,False,False,,False,2022-04-25,14:50:50,Somewhat Sad,2022-04-25 14:50:50,14,25,4,1
2022-04-25 15:45:25,New York,29,329,42.43915,-71.07827,71,False,False,,True,2022-04-25,15:45:25,Happy,2022-04-25 15:45:25,15,25,4,1
2022-04-26 13:47:55,New York,29,130,43.02809,-76.13651,51,False,True,,False,2022-04-26,13:47:55,Neutral,2022-04-26 13:47:55,13,26,4,2
2022-04-27 11:50:40,New York,29,332,42.89581,-72.51134,41,True,True,"sleeping accommodation,automobile",False,2022-04-27,11:50:40,Neutral,2022-04-27 11:50:40,11,27,4,3
2022-04-27 14:14:21,New York,29,141,40.90689,-73.7811,74,False,False,,False,2022-04-27,14:14:21,Very Sad,2022-04-27 14:14:21,14,27,4,3
2022-04-27 14:16:12,New York,29,141,40.90762,-73.78179,72,False,False,"building construction,null,hammer,tractor",False,2022-04-27,14:16:12,Very Sad,2022-04-27 14:16:12,14,27,4,3
2022-04-27 17:54:59,New York,29,333,44.48413,-73.18935,42,True,True,sleeping accommodation,False,2022-04-27,17:54:59,Neutral,2022-04-27 17:54:59,17,27,4,3
2022-04-28 07:22:35,New York,29,141,40.90709,-73.78123,70,False,False,,False,2022-04-28,07:22:35,Very Sad,2022-04-28 07:22:35,7,28,4,4
2022-04-28 07:36:14,New York,29,337,39.98353,-82.01326,49,False,True,sleeping accommodation,False,2022-04-28,07:36:14,Happy,2022-04-28 07:36:14,7,28,4,4
2022-04-29 12:43:59,New York,29,145,33.6673,-84.4469,69,False,False,,True,2022-04-29,12:43:59,Happy,2022-04-29 12:43:59,12,29,4,5
2022-04-29 12:44:04,New York,29,205,33.66696,-84.44703,71,False,False,"automobile,delivery truck,rooster,bird",True,2022-04-29,12:44:04,Neutral,2022-04-29 12:44:04,12,29,4,5
2022-04-29 12:47:59,New York,29,205,33.66759,-84.44732,59,False,False,"railway car,airplane,bird,rooster",True,2022-04-29,12:47:59,Happy,2022-04-29 12:47:59,12,29,4,5
2022-04-30 17:52:59,New York,29,331,40.83514,-73.94364,71,False,True,multiple musical notes,False,2022-04-30,17:52:59,Very Sad,2022-04-30 17:52:59,17,30,4,6
2022-04-30 17:54:27,New York,29,331,40.8351,-73.94373,48,False,True,multiple musical notes,False,2022-04-30,17:54:27,Very Sad,2022-04-30 17:54:27,17,30,4,6
2022-05-01 18:17:21,New York,29,331,40.82156,-73.95397,73,False,True,railway car,True,2022-05-01,18:17:21,Neutral,2022-05-01 18:17:21,18,1,5,7
2022-05-01 20:26:09,New York,29,331,40.83513,-73.94367,25,True,True,man+personal computer,False,2022-05-01,20:26:09,Extremely Happy,2022-05-01 20:26:09,20,1,5,7
2022-05-02 11:17:57,New York,29,343,33.66045,-84.60212,59,False,False,airplane,True,2022-05-02,11:17:57,Somewhat Sad,2022-05-02 11:17:57,11,2,5,1
2022-05-04 12:05:21,New York,29,141,40.90712,-73.78128,63,False,False,,False,2022-05-04,12:05:21,Very Sad,2022-05-04 12:05:21,12,4,5,3
2022-05-04 12:06:16,New York,38,141,40.90713,-73.7812,60,False,False,,False,2022-05-04,12:06:16,Very Sad,2022-05-04 12:06:16,12,4,5,3
2022-05-04 12:47:52,New York,29,141,40.90698,-73.78115,76,False,False,,False,2022-05-04,12:47:52,Very Sad,2022-05-04 12:47:52,12,4,5,3
2022-05-04 12:49:58,New York,29,141,40.90754,-73.78171,80,False,False,,False,2022-05-04,12:49:58,Very Sad,2022-05-04 12:49:58,12,4,5,3
2022-05-04 13:25:27,New York,29,141,40.90708,-73.7813,74,False,False,,False,2022-05-04,13:25:27,Very Sad,2022-05-04 13:25:27,13,4,5,3
2022-05-08 09:54:58,New York,29,205,40.71589,-74.01242,49,False,True,"automobile,delivery truck,bus",False,2022-05-08,09:54:58,Neutral,2022-05-08 09:54:58,9,8,5,7
2022-05-08 15:51:03,New York,29,145,33.69654,-84.56849,57,True,False,,False,2022-05-08,15:51:03,Neutral,2022-05-08 15:51:03,15,8,5,7
2022-05-08 17:07:24,New York,29,130,43.01869,-76.16142,76,False,False,,False,2022-05-08,17:07:24,Very Sad,2022-05-08 17:07:24,17,8,5,7
2022-05-09 16:58:13,New York,29,73,33.47896,-84.44457,81,False,True,,False,2022-05-09,16:58:13,Neutral,2022-05-09 16:58:13,16,9,5,1
2022-05-09 17:00:21,New York,29,73,33.47876,-84.44443,80,False,True,film projector,False,2022-05-09,17:00:21,Happy,2022-05-09 17:00:21,17,9,5,1
2022-05-10 11:23:47,New York,29,352,44.73036,-73.00058,45,True,False,,False,2022-05-10,11:23:47,Happy,2022-05-10 11:23:47,11,10,5,2
2022-05-10 15:09:59,New York,29,56,42.71514,-76.40444,42,True,True,,False,2022-05-10,15:09:59,Extremely Happy,2022-05-10 15:09:59,15,10,5,2
2022-05-10 16:11:12,New York,24,145,33.69629,-84.56822,56,True,True,,False,2022-05-10,16:11:12,Neutral,2022-05-10 16:11:12,16,10,5,2
2022-05-10 16:24:53,New York,29,145,33.69679,-84.56823,67,False,True,,False,2022-05-10,16:24:53,Neutral,2022-05-10 16:24:53,16,10,5,2
2022-05-10 21:44:06,New York,29,284,41.62093,-83.57552,42,False,True,house with garden,False,2022-05-10,21:44:06,Somewhat Sad,2022-05-10 21:44:06,21,10,5,2
2022-05-11 06:47:37,New York,28,143,40.87064,-73.91903,65,False,True,"gear,tractor,seedling",False,2022-05-11,06:47:37,Very Sad,2022-05-11 06:47:37,6,11,5,3
2022-05-11 10:13:25,New York,29,275,40.79091,-73.95352,69,False,False,"bus,automobile,delivery truck",False,2022-05-11,10:13:25,Neutral,2022-05-11 10:13:25,10,11,5,3
2022-05-11 13:59:50,New York,29,130,43.02806,-76.13649,47,False,True,,False,2022-05-11,13:59:50,Happy,2022-05-11 13:59:50,13,11,5,3
2022-05-14 00:38:25,New York,27,143,40.87068,-73.91924,55,False,True,"automobile,multiple musical notes,speaking head in silhouette",False,2022-05-14,00:38:25,Somewhat Sad,2022-05-14 00:38:25,0,14,5,6
2022-05-14 06:47:34,New York,29,359,40.50728,-75.70297,72,False,False,,False,2022-05-14,06:47:34,Very Sad,2022-05-14 06:47:34,6,14,5,6
2022-05-14 06:49:20,New York,29,359,40.50728,-75.70288,74,False,False,,False,2022-05-14,06:49:20,Very Sad,2022-05-14 06:49:20,6,14,5,6
2022-05-14 13:02:23,New York,29,58,40.78601,-73.97536,68,False,False,"taxi,ambulance",False,2022-05-14,13:02:23,Somewhat Sad,2022-05-14 13:02:23,13,14,5,6
2022-05-14 15:36:52,New York,29,359,40.50171,-75.69408,73,False,False,,False,2022-05-14,15:36:52,Very Sad,2022-05-14 15:36:52,15,14,5,6
2022-05-14 16:40:36,New York,29,359,40.50724,-75.70286,72,False,False,,False,2022-05-14,16:40:36,Very Sad,2022-05-14 16:40:36,16,14,5,6
2022-05-14 16:58:13,New York,29,58,40.72896,-73.98697,72,False,False,,False,2022-05-14,16:58:13,Somewhat Sad,2022-05-14 16:58:13,16,14,5,6
2022-05-14 17:18:35,New York,29,359,40.50725,-75.70279,72,False,False,,False,2022-05-14,17:18:35,Very Sad,2022-05-14 17:18:35,17,14,5,6
2022-05-14 19:01:34,New York,29,359,40.50641,-75.70168,76,False,False,,False,2022-05-14,19:01:34,Very Sad,2022-05-14 19:01:34,19,14,5,6
2022-05-14 19:02:43,New York,29,359,40.50641,-75.70168,76,False,False,,False,2022-05-14,19:02:43,Very Sad,2022-05-14 19:02:43,19,14,5,6
2022-05-14 19:03:52,New York,29,359,40.50686,-75.70257,76,False,False,,False,2022-05-14,19:03:52,Very Sad,2022-05-14 19:03:52,19,14,5,6
2022-05-14 19:06:44,New York,29,359,40.50725,-75.70281,76,False,False,,False,2022-05-14,19:06:44,Very Sad,2022-05-14 19:06:44,19,14,5,6
2022-05-14 21:13:09,New York,28,143,40.87139,-73.92009,48,False,False,multiple musical notes,True,2022-05-14,21:13:09,Neutral,2022-05-14 21:13:09,21,14,5,6
2022-05-15 00:17:56,New York,29,359,40.50576,-75.70242,70,False,False,,False,2022-05-15,00:17:56,Very Sad,2022-05-15 00:17:56,0,15,5,7
2022-05-15 02:24:26,New York,29,360,25.09557,-80.44093,58,True,True,"medium white circle,headphone",False,2022-05-15,02:24:26,Happy,2022-05-15 02:24:26,2,15,5,7
2022-05-15 06:12:56,New York,29,359,40.50725,-75.70279,73,False,False,,False,2022-05-15,06:12:56,Very Sad,2022-05-15 06:12:56,6,15,5,7
2022-05-16 15:01:08,New York,29,78,32.49692,-83.6563,48,False,True,house with garden,False,2022-05-16,15:01:08,Happy,2022-05-16 15:01:08,15,16,5,1
2022-05-16 15:15:51,New York,29,359,40.50724,-75.71479,72,False,False,,False,2022-05-16,15:15:51,Very Sad,2022-05-16 15:15:51,15,16,5,1
2022-05-16 18:16:27,New York,29,359,40.50726,-75.70279,74,False,False,,False,2022-05-16,18:16:27,Very Sad,2022-05-16 18:16:27,18,16,5,1
2022-05-16 18:17:59,New York,29,359,40.50726,-75.70279,77,False,False,,False,2022-05-16,18:17:59,Very Sad,2022-05-16 18:17:59,18,16,5,1
2022-05-16 22:09:19,New York,29,359,40.50725,-75.70279,76,False,False,,False,2022-05-16,22:09:19,Very Sad,2022-05-16 22:09:19,22,16,5,1
2022-05-17 05:45:59,New York,29,359,40.50726,-75.7028,74,False,False,,False,2022-05-17,05:45:59,Very Sad,2022-05-17 05:45:59,5,17,5,2
2022-05-17 18:09:45,New York,29,359,40.50726,-75.70281,75,False,False,,False,2022-05-17,18:09:45,Very Sad,2022-05-17 18:09:45,18,17,5,2
2022-05-18 07:21:59,New York,29,205,42.33474,-76.46558,63,True,False,adult+microphone,False,2022-05-18,07:21:59,Neutral,2022-05-18 07:21:59,7,18,5,3
2022-05-18 17:54:37,New York,29,359,40.50728,-75.70277,70,False,False,,False,2022-05-18,17:54:37,Very Sad,2022-05-18 17:54:37,17,18,5,3
2022-05-18 18:13:17,New York,29,359,40.50725,-75.70258,74,False,False,,False,2022-05-18,18:13:17,Very Sad,2022-05-18 18:13:17,18,18,5,3
2022-05-18 22:54:07,New York,29,359,40.50724,-75.70279,74,False,False,,False,2022-05-18,22:54:07,Very Sad,2022-05-18 22:54:07,22,18,5,3
2022-05-19 10:01:16,New York,29,359,40.50735,-75.70317,76,False,False,,False,2022-05-19,10:01:16,Very Sad,2022-05-19 10:01:16,10,19,5,4
2022-05-19 15:34:03,New York,29,130,43.02816,-76.13646,76,False,False,,False,2022-05-19,15:34:03,Very Sad,2022-05-19 15:34:03,15,19,5,4
2022-05-19 18:01:29,New York,29,359,40.50583,-75.70221,74,False,False,,False,2022-05-19,18:01:29,Very Sad,2022-05-19 18:01:29,18,19,5,4
2022-05-19 22:02:07,New York,29,359,40.50725,-75.7028,74,False,False,,False,2022-05-19,22:02:07,Very Sad,2022-05-19 22:02:07,22,19,5,4
2022-05-19 22:03:31,New York,29,359,40.50724,-75.703,76,False,False,,False,2022-05-19,22:03:31,Very Sad,2022-05-19 22:03:31,22,19,5,4
2022-05-20 18:02:01,New York,29,359,40.48204,-75.74096,70,False,False,,False,2022-05-20,18:02:01,Very Sad,2022-05-20 18:02:01,18,20,5,5
2022-05-21 19:34:23,New York,29,331,40.83508,-73.94364,69,False,True,,False,2022-05-21,19:34:23,Very Sad,2022-05-21 19:34:23,19,21,5,6
2022-05-22 20:02:04,New York,29,359,40.50733,-75.70303,74,False,False,,False,2022-05-22,20:02:04,Very Sad,2022-05-22 20:02:04,20,22,5,7
2022-05-22 20:03:06,New York,29,359,40.50727,-75.70292,75,False,False,,False,2022-05-22,20:03:06,Very Sad,2022-05-22 20:03:06,20,22,5,7
2022-05-23 19:05:33,New York,29,359,40.50732,-75.70322,74,False,False,,False,2022-05-23,19:05:33,Very Sad,2022-05-23 19:05:33,19,23,5,1
2022-05-24 18:26:09,New York,29,359,40.50723,-75.70276,75,False,False,,False,2022-05-24,18:26:09,Very Sad,2022-05-24 18:26:09,18,24,5,2
2022-05-25 13:49:23,New York,29,370,39.94912,-75.19663,56,False,True,,True,2022-05-25,13:49:23,Neutral,2022-05-25 13:49:23,13,25,5,3
2022-05-25 17:39:24,New York,29,359,40.50723,-75.70281,75,False,False,,False,2022-05-25,17:39:24,Very Sad,2022-05-25 17:39:24,17,25,5,3
2022-05-25 18:13:52,New York,29,359,40.50581,-75.7023,76,False,False,,False,2022-05-25,18:13:52,Very Sad,2022-05-25 18:13:52,18,25,5,3
2022-05-27 18:31:28,New York,29,359,40.50724,-75.70279,76,False,False,,False,2022-05-27,18:31:28,Very Sad,2022-05-27 18:31:28,18,27,5,5
2022-05-28 07:14:57,New York,29,359,40.50743,-75.70338,65,False,False,,False,2022-05-28,07:14:57,Very Sad,2022-05-28 07:14:57,7,28,5,6
2022-05-28 11:46:12,New York,29,205,42.03396,-70.09596,77,False,False,water wave,False,2022-05-28,11:46:12,Extremely Happy,2022-05-28 11:46:12,11,28,5,6
2022-05-28 14:04:27,New York,29,205,42.03981,-70.09705,55,False,True,"woman,speaking head in silhouette",False,2022-05-28,14:04:27,Happy,2022-05-28 14:04:27,14,28,5,6
2022-05-28 17:49:56,New York,29,359,40.50596,-75.70225,74,False,False,,False,2022-05-28,17:49:56,Very Sad,2022-05-28 17:49:56,17,28,5,6
2022-05-28 17:50:42,New York,29,359,40.50595,-75.702,74,False,False,,False,2022-05-28,17:50:42,Very Sad,2022-05-28 17:50:42,17,28,5,6
2022-05-29 06:41:02,New York,28,205,42.03958,-70.09716,42,False,False,"automobile,delivery truck",False,2022-05-29,06:41:02,Somewhat Sad,2022-05-29 06:41:02,6,29,5,7
2022-05-29 18:27:22,New York,29,359,40.50192,-75.71807,72,False,False,,False,2022-05-29,18:27:22,Very Sad,2022-05-29 18:27:22,18,29,5,7
2022-05-30 19:13:12,New York,29,359,40.50704,-75.70284,74,False,False,,False,2022-05-30,19:13:12,Very Sad,2022-05-30 19:13:12,19,30,5,1
2022-05-30 19:15:00,New York,29,359,40.50703,-75.70276,75,False,False,,False,2022-05-30,19:15:00,Very Sad,2022-05-30 19:15:00,19,30,5,1
2022-05-30 20:53:27,New York,29,205,42.03974,-70.09698,42,False,True,water wave,False,2022-05-30,20:53:27,Happy,2022-05-30 20:53:27,20,30,5,1
2022-06-01 18:33:35,New York,29,359,40.50593,-75.70201,75,False,False,,False,2022-06-01,18:33:35,Very Sad,2022-06-01 18:33:35,18,1,6,3
2022-06-02 19:04:32,New York,29,359,40.50724,-75.70282,75,False,False,,False,2022-06-02,19:04:32,Very Sad,2022-06-02 19:04:32,19,2,6,4
2022-06-06 18:48:04,New York,29,67,40.01013,-75.23147,77,False,True,rolling on the floor laughing,False,2022-06-06,18:48:04,Somewhat Sad,2022-06-06 18:48:04,18,6,6,1
2022-06-08 18:03:53,New York,29,359,40.50712,-75.70283,75,False,False,,False,2022-06-08,18:03:53,Very Sad,2022-06-08 18:03:53,18,8,6,3
2022-06-08 19:56:37,New York,29,67,39.90083,-75.16677,83,False,False,,False,2022-06-08,19:56:37,Very Sad,2022-06-08 19:56:37,19,8,6,3
2022-06-09 11:35:09,New York,29,391,41.47533,-81.45102,39,True,True,man+personal computer,True,2022-06-09,11:35:09,Neutral,2022-06-09 11:35:09,11,9,6,4
2022-06-11 17:22:34,New York,29,227,33.79039,-84.20512,42,False,True,,False,2022-06-11,17:22:34,Neutral,2022-06-11 17:22:34,17,11,6,6
2022-06-12 16:41:03,New York,29,205,43.0314,-76.14131,73,False,False,,False,2022-06-12,16:41:03,Very Sad,2022-06-12 16:41:03,16,12,6,7
2022-06-14 01:25:37,New York,29,130,43.02812,-76.13645,44,False,True,automobile,False,2022-06-14,01:25:37,Somewhat Sad,2022-06-14 01:25:37,1,14,6,2
2022-06-16 14:50:07,New York,29,130,40.75471,-73.98423,72,False,False,,False,2022-06-16,14:50:07,Neutral,2022-06-16 14:50:07,14,16,6,4
2022-06-16 20:51:54,New York,29,130,40.81279,-74.07445,83,False,False,"multiple musical notes,microphone,trumpet",False,2022-06-16,20:51:54,Neutral,2022-06-16 20:51:54,20,16,6,4
2022-06-18 21:04:47,New York,29,403,35.31303,-81.00822,60,False,False,,False,2022-06-18,21:04:47,Happy,2022-06-18 21:04:47,21,18,6,6
2022-06-18 21:05:53,New York,29,403,35.31315,-81.00841,54,True,False,"dog,cricket,deciduous tree,frog face",False,2022-06-18,21:05:53,Extremely Happy,2022-06-18 21:05:53,21,18,6,6
2022-06-20 15:37:03,New York,29,406,40.61154,-75.37914,48,False,True,,False,2022-06-20,15:37:03,Neutral,2022-06-20 15:37:03,15,20,6,1
2022-06-21 14:44:32,New York,29,141,40.90719,-73.78126,74,False,False,,False,2022-06-21,14:44:32,Very Sad,2022-06-21 14:44:32,14,21,6,2
2022-06-21 18:28:55,New York,29,408,41.88646,-73.8207,28,True,True,,True,2022-06-21,18:28:55,Extremely Happy,2022-06-21 18:28:55,18,21,6,2
2022-06-24 09:27:59,New York,29,408,41.88559,-73.82087,45,False,False,,True,2022-06-24,09:27:59,Happy,2022-06-24 09:27:59,9,24,6,5
2022-06-24 16:48:26,New York,29,141,40.90746,-73.78204,82,False,False,,False,2022-06-24,16:48:26,Very Sad,2022-06-24 16:48:26,16,24,6,5
2022-06-24 17:23:32,New York,29,408,39.8748,-75.24377,72,False,True,airplane,False,2022-06-24,17:23:32,Somewhat Sad,2022-06-24 17:23:32,17,24,6,5
2022-06-25 00:05:24,New York,29,408,47.65582,-114.6724,85,False,True,airplane,False,2022-06-25,00:05:24,Somewhat Sad,2022-06-25 00:05:24,0,25,6,6
2022-06-25 08:06:11,New York,29,421,39.34906,-83.00017,61,False,False,"automobile,racing motorcycle,null",False,2022-06-25,08:06:11,Neutral,2022-06-25 08:06:11,8,25,6,6
2022-06-25 13:07:01,New York,29,422,33.73733,-84.43029,71,True,False,"automobile,racing motorcycle,multiple musical notes,speaker with three sound waves,speaking head in silhouette",False,2022-06-25,13:07:01,Happy,2022-06-25 13:07:01,13,25,6,6
2022-06-29 21:33:18,New York,29,426,32.53701,-82.92906,49,False,True,desktop computer,False,2022-06-29,21:33:18,Neutral,2022-06-29 21:33:18,21,29,6,3
2022-06-30 13:15:22,New York,29,427,40.77802,-73.98274,69,False,False,,False,2022-06-30,13:15:22,Neutral,2022-06-30 13:15:22,13,30,6,4
2022-06-30 18:30:04,New York,29,456,42.47026,-71.06899,62,True,True,,False,2022-06-30,18:30:04,Neutral,2022-06-30 18:30:04,18,30,6,4
2022-06-30 19:45:28,New York,29,427,40.84882,-73.93951,75,False,True,,False,2022-06-30,19:45:28,Somewhat Sad,2022-06-30 19:45:28,19,30,6,4
2022-07-01 08:40:28,New York,29,130,43.04886,-76.17059,73,False,False,,False,2022-07-01,08:40:28,Neutral,2022-07-01 08:40:28,8,1,7,5
2022-07-01 19:02:16,New York,29,130,43.02752,-76.13616,52,False,False,bird,False,2022-07-01,19:02:16,Neutral,2022-07-01 19:02:16,19,1,7,5
2022-07-01 22:38:55,New York,29,331,40.83515,-73.94376,56,False,True,"multiple musical notes,party popper,speaker with three sound waves",True,2022-07-01,22:38:55,Very Sad,2022-07-01 22:38:55,22,1,7,5
2022-07-02 00:24:33,New York,29,435,40.86321,-73.91859,70,True,True,,False,2022-07-02,00:24:33,Very Sad,2022-07-02 00:24:33,0,2,7,6
2022-07-02 01:59:59,New York,29,432,40.8635,-73.92664,57,False,True,,False,2022-07-02,01:59:59,Very Sad,2022-07-02 01:59:59,1,2,7,6
2022-07-03 17:29:00,New York,29,422,33.72575,-84.42386,55,True,False,"automobile,collision symbol,multiple musical notes,speaking head in silhouette,deciduous tree,bird,thunder cloud and rain",False,2022-07-03,17:29:00,Happy,2022-07-03 17:29:00,17,3,7,7
2022-07-04 00:26:20,New York,29,431,40.86304,-73.92736,81,False,False,,False,2022-07-04,00:26:20,Neutral,2022-07-04 00:26:20,0,4,7,1
2022-07-04 00:32:12,New York,29,431,40.86305,-73.92735,80,False,False,,False,2022-07-04,00:32:12,Somewhat Sad,2022-07-04 00:32:12,0,4,7,1
2022-07-04 00:55:54,New York,29,431,40.86309,-73.92736,80,False,False,,False,2022-07-04,00:55:54,Somewhat Sad,2022-07-04 00:55:54,0,4,7,1
2022-07-04 22:57:08,New York,29,437,40.85489,-73.9376,53,False,False,,False,2022-07-04,22:57:08,Very Sad,2022-07-04 22:57:08,22,4,7,1
2022-07-04 22:58:36,New York,29,437,40.85489,-73.9376,57,False,False,fireworks,False,2022-07-04,22:58:36,Very Sad,2022-07-04 22:58:36,22,4,7,1
2022-07-04 23:14:15,New York,25,439,40.86779,-73.92664,65,False,False,,False,2022-07-04,23:14:15,Somewhat Sad,2022-07-04 23:14:15,23,4,7,1
2022-07-04 23:15:50,New York,24,439,40.86779,-73.92664,71,False,False,,False,2022-07-04,23:15:50,Somewhat Sad,2022-07-04 23:15:50,23,4,7,1
2022-07-04 23:17:17,New York,29,439,40.86779,-73.92664,73,False,False,,False,2022-07-04,23:17:17,Somewhat Sad,2022-07-04 23:17:17,23,4,7,1
2022-07-04 23:29:30,New York,29,440,40.82499,-73.94163,66,False,True,fireworks,False,2022-07-04,23:29:30,Very Sad,2022-07-04 23:29:30,23,4,7,1
2022-07-04 23:30:54,New York,29,440,40.82499,-73.94163,67,False,True,"null,fireworks",False,2022-07-04,23:30:54,Very Sad,2022-07-04 23:30:54,23,4,7,1
2022-07-04 23:58:52,New York,29,442,40.85693,-73.92778,78,False,True,"racing motorcycle,taxi,speaker with three sound waves,microphone,party popper,null,fireworks,speaking head in silhouette",True,2022-07-04,23:58:52,Very Sad,2022-07-04 23:58:52,23,4,7,1
2022-07-05 00:14:40,New York,29,431,40.86304,-73.92737,78,False,False,,False,2022-07-05,00:14:40,Somewhat Sad,2022-07-05 00:14:40,0,5,7,2
2022-07-05 01:11:23,New York,29,442,40.85702,-73.92776,81,False,True,"multiple musical notes,speaker with three sound waves,null,null,speaking head in silhouette",True,2022-07-05,01:11:23,Very Sad,2022-07-05 01:11:23,1,5,7,2
2022-07-07 19:56:55,New York,29,130,43.02912,-76.16165,67,False,False,national park,True,2022-07-07,19:56:55,Neutral,2022-07-07 19:56:55,19,7,7,4
2022-07-10 01:58:58,New York,29,331,40.83513,-73.94373,38,False,True,"party popper,multiple musical notes,speaker with three sound waves,rolling on the floor laughing",True,2022-07-10,01:58:58,Very Sad,2022-07-10 01:58:58,1,10,7,7
2022-07-10 02:02:03,New York,29,331,40.83516,-73.94365,55,False,True,"party popper,multiple musical notes,speaker with three sound waves,dancer,rolling on the floor laughing",True,2022-07-10,02:02:03,Very Sad,2022-07-10 02:02:03,2,10,7,7
2022-07-10 13:16:01,New York,30,431,40.86309,-73.92737,75,False,False,,False,2022-07-10,13:16:01,Very Sad,2022-07-10 13:16:01,13,10,7,7
2022-07-10 20:18:00,New York,29,457,40.84607,-73.9383,79,False,True,,False,2022-07-10,20:18:00,Very Sad,2022-07-10 20:18:00,20,10,7,7
2022-07-12 00:55:17,New York,29,432,40.86351,-73.92698,74,False,False,"tractor,hammer and wrench",False,2022-07-12,00:55:17,Very Sad,2022-07-12 00:55:17,0,12,7,2
2022-07-15 19:58:35,New York,29,464,41.11369,-81.53434,48,True,False,"deciduous tree,null",False,2022-07-15,19:58:35,Happy,2022-07-15 19:58:35,19,15,7,5
2022-07-15 19:58:57,New York,29,457,40.84601,-73.93813,73,False,True,,False,2022-07-15,19:58:57,Very Sad,2022-07-15 19:58:57,19,15,7,5
2022-07-16 23:36:55,New York,29,431,40.86323,-73.92726,81,False,False,,False,2022-07-16,23:36:55,Somewhat Sad,2022-07-16 23:36:55,23,16,7,6
2022-07-17 17:57:43,New York,29,440,40.82499,-73.94164,80,False,False,speaker with three sound waves,False,2022-07-17,17:57:43,Very Sad,2022-07-17 17:57:43,17,17,7,7
2022-07-17 19:28:12,New York,29,457,40.84613,-73.93842,83,False,True,,False,2022-07-17,19:28:12,Very Sad,2022-07-17 19:28:12,19,17,7,7
2022-07-18 07:27:48,New York,29,300,33.7477,-84.46794,44,True,True,,False,2022-07-18,07:27:48,Neutral,2022-07-18 07:27:48,7,18,7,1
2022-07-19 14:31:01,New York,29,141,40.90688,-73.78099,74,False,False,"hammer,null,tractor",False,2022-07-19,14:31:01,Very Sad,2022-07-19 14:31:01,14,19,7,2
2022-07-19 14:36:52,New York,29,141,40.9068,-73.78094,74,False,False,,False,2022-07-19,14:36:52,Very Sad,2022-07-19 14:36:52,14,19,7,2
2022-07-19 14:37:44,New York,24,141,40.90718,-73.78089,71,False,False,,False,2022-07-19,14:37:44,Very Sad,2022-07-19 14:37:44,14,19,7,2
2022-07-20 08:23:13,New York,28,130,43.03123,-76.14103,68,False,False,,False,2022-07-20,08:23:13,Neutral,2022-07-20 08:23:13,8,20,7,3
2022-07-21 14:49:07,New York,29,480,33.87756,-77.99811,53,True,True,,False,2022-07-21,14:49:07,Happy,2022-07-21 14:49:07,14,21,7,4
2022-07-21 19:29:52,New York,29,130,43.03929,-76.14396,77,False,False,factory,False,2022-07-21,19:29:52,Very Sad,2022-07-21 19:29:52,19,21,7,4
2022-07-24 10:54:13,New York,29,242,33.88965,-84.2792,38,True,True,bird,False,2022-07-24,10:54:13,Happy,2022-07-24 10:54:13,10,24,7,7
2022-07-25 02:32:41,New York,29,431,40.86315,-73.92736,80,False,False,multiple musical notes,False,2022-07-25,02:32:41,Very Sad,2022-07-25 02:32:41,2,25,7,1
2022-07-27 20:05:22,New York,29,493,41.47513,-81.46293,54,False,False,,False,2022-07-27,20:05:22,Neutral,2022-07-27 20:05:22,20,27,7,3
2022-07-28 18:19:46,New York,29,464,41.40141,-82.22231,51,False,False,"hammer and wrench,deciduous tree",False,2022-07-28,18:19:46,Neutral,2022-07-28 18:19:46,18,28,7,4
2022-07-31 19:21:47,New York,29,130,43.02808,-76.13648,64,False,True,"multiple musical notes,speaker with three sound waves,automobile",False,2022-07-31,19:21:47,Somewhat Sad,2022-07-31 19:21:47,19,31,7,7
2022-08-09 17:05:51,New York,29,130,43.02813,-76.13644,51,False,True,motorway,False,2022-08-09,17:05:51,Neutral,2022-08-09 17:05:51,17,9,8,2
2022-08-09 21:38:44,New York,29,521,43.01858,-75.99521,59,True,True,television,False,2022-08-09,21:38:44,Happy,2022-08-09 21:38:44,21,9,8,2
2022-08-11 15:41:09,New York,29,141,40.90702,-73.781,73,False,False,,False,2022-08-11,15:41:09,Very Sad,2022-08-11 15:41:09,15,11,8,4
2022-08-11 15:42:51,New York,29,141,40.90698,-73.7809,69,False,False,,False,2022-08-11,15:42:51,Very Sad,2022-08-11 15:42:51,15,11,8,4
2022-08-12 19:11:22,New York,29,526,41.37179,-71.49315,62,True,True,,False,2022-08-12,19:11:22,Neutral,2022-08-12 19:11:22,19,12,8,5
2022-08-17 18:35:43,New York,29,532,40.82965,-73.94658,76,False,False,"automobile,multiple musical notes",False,2022-08-17,18:35:43,Very Sad,2022-08-17 18:35:43,18,17,8,3
2022-08-18 16:42:15,New York,29,69,42.45097,-76.50923,76,True,False,speaker with three sound waves,False,2022-08-18,16:42:15,Somewhat Sad,2022-08-18 16:42:15,16,18,8,4
2022-08-20 01:08:17,New York,29,300,33.748,-84.46807,61,False,True,,False,2022-08-20,01:08:17,Neutral,2022-08-20 01:08:17,1,20,8,6
2022-08-21 13:10:11,New York,29,464,41.18796,-81.57961,51,False,False,"deciduous tree,duck,frog face",False,2022-08-21,13:10:11,Extremely Happy,2022-08-21 13:10:11,13,21,8,7
2022-08-22 14:59:52,New York,29,130,43.02819,-76.13644,44,False,True,bird,False,2022-08-22,14:59:52,Happy,2022-08-22 14:59:52,14,22,8,1
2022-08-22 15:39:37,New York,29,62,42.47991,-76.45104,54,True,True,,False,2022-08-22,15:39:37,Happy,2022-08-22 15:39:37,15,22,8,1
2022-08-27 13:08:29,New York,29,130,43.07271,-76.22096,79,False,False,"speaker with three sound waves,stadium",False,2022-08-27,13:08:29,Neutral,2022-08-27 13:08:29,13,27,8,6
2022-08-27 18:48:17,New York,29,539,40.86605,-73.92782,80,False,False,,False,2022-08-27,18:48:17,Somewhat Sad,2022-08-27 18:48:17,18,27,8,6
2022-08-27 23:32:12,New York,29,432,40.8635,-73.92683,66,False,True,"multiple musical notes,speaker with three sound waves,microphone,public address loudspeaker,speaking head in silhouette",False,2022-08-27,23:32:12,Somewhat Sad,2022-08-27 23:32:12,23,27,8,6
2022-08-28 18:24:46,New York,29,432,40.86346,-73.92688,80,False,False,"party popper,multiple musical notes,drum with drumsticks,public address loudspeaker,speaker with three sound waves",False,2022-08-28,18:24:46,Very Sad,2022-08-28 18:24:46,18,28,8,7
2022-08-28 22:54:53,New York,29,554,40.82571,-73.92593,77,False,False,"multiple musical notes,party popper",False,2022-08-28,22:54:53,Very Sad,2022-08-28 22:54:53,22,28,8,7
2022-08-31 17:59:48,New York,29,562,39.94713,-82.99504,47,True,True,"automobile,church,woman,woman,deciduous tree,dog,bird",False,2022-08-31,17:59:48,Happy,2022-08-31 17:59:48,17,31,8,3
2022-09-02 03:41:38,New York,29,566,40.90287,-75.14276,39,True,True,,False,2022-09-02,03:41:38,Extremely Happy,2022-09-02 03:41:38,3,2,9,5
2022-09-02 03:57:44,New York,29,566,40.90289,-75.14271,38,True,True,,False,2022-09-02,03:57:44,Happy,2022-09-02 03:57:44,3,2,9,5
2022-09-02 20:57:18,New York,29,457,40.84592,-73.93854,68,False,False,,False,2022-09-02,20:57:18,Very Sad,2022-09-02 20:57:18,20,2,9,5
2022-09-02 21:02:32,New York,29,457,40.8458,-73.93782,70,False,False,,False,2022-09-02,21:02:32,Very Sad,2022-09-02 21:02:32,21,2,9,5
2022-09-04 03:03:04,New York,29,570,40.87064,-73.91837,59,False,False,,False,2022-09-04,03:03:04,Very Sad,2022-09-04 03:03:04,3,4,9,7
2022-09-04 15:57:43,New York,29,457,40.84574,-73.93839,83,False,True,,False,2022-09-04,15:57:43,Very Sad,2022-09-04 15:57:43,15,4,9,7
2022-09-06 10:32:28,New York,29,145,33.7427,-84.42406,58,False,False,,True,2022-09-06,10:32:28,Neutral,2022-09-06 10:32:28,10,6,9,2
2022-09-10 19:25:19,New York,28,539,40.86654,-73.92857,81,True,False,radio,False,2022-09-10,19:25:19,Very Sad,2022-09-10 19:25:19,19,10,9,6
2022-09-11 09:31:56,New York,29,583,40.86174,-73.9215,68,False,True,"automobile,delivery truck",True,2022-09-11,09:31:56,Very Sad,2022-09-11 09:31:56,9,11,9,7
2022-09-13 10:38:14,New York,29,539,40.86589,-73.92347,76,True,False,"radio,serious face with symbols covering mouth",False,2022-09-13,10:38:14,Very Sad,2022-09-13 10:38:14,10,13,9,2
2022-09-13 10:38:14,New York,29,539,40.86589,-73.92347,76,True,False,,False,2022-09-13,10:38:14,Very Sad,2022-09-13 10:38:14,10,13,9,2
2022-09-17 13:21:32,New York,29,539,40.86601,-73.92772,72,True,False,,False,2022-09-17,13:21:32,Very Sad,2022-09-17 13:21:32,13,17,9,6
2022-09-17 18:12:31,New York,29,539,40.86612,-73.9281,80,True,False,,False,2022-09-17,18:12:31,Very Sad,2022-09-17 18:12:31,18,17,9,6
2022-09-18 04:52:41,New York,29,439,40.86781,-73.92669,56,False,True,,False,2022-09-18,04:52:41,Somewhat Sad,2022-09-18 04:52:41,4,18,9,7
2022-09-18 05:29:25,New York,25,439,40.86737,-73.92701,69,False,True,,False,2022-09-18,05:29:25,Very Sad,2022-09-18 05:29:25,5,18,9,7
2022-09-18 16:58:19,New York,29,439,40.86573,-73.92749,79,False,False,,False,2022-09-18,16:58:19,Neutral,2022-09-18 16:58:19,16,18,9,7
2022-09-23 22:59:03,New York,29,603,33.73203,-84.39455,51,False,True,"railway track,motorway,man+personal computer,sleeping accommodation,dog face",False,2022-09-23,22:59:03,Happy,2022-09-23 22:59:03,22,23,9,5
2022-09-24 05:31:36,New York,29,145,35.87783,-78.79389,60,False,True,,False,2022-09-24,05:31:36,Neutral,2022-09-24 05:31:36,5,24,9,6
2022-09-24 18:11:39,New York,29,539,40.86678,-73.9282,82,False,False,,False,2022-09-24,18:11:39,Very Sad,2022-09-24 18:11:39,18,24,9,6
2022-10-07 18:25:09,New York,29,603,33.98307,-84.56927,58,False,True,"desktop computer,gear,office building",False,2022-10-07,18:25:09,Happy,2022-10-07 18:25:09,18,7,10,5
2022-10-07 18:28:58,New York,29,603,33.98294,-84.56961,68,False,False,"automobile,taxi,bus,delivery truck,hammer,building construction",False,2022-10-07,18:28:58,Neutral,2022-10-07 18:28:58,18,7,10,5
2022-10-07 19:14:13,New York,29,603,33.8503,-84.42953,63,False,True,gear,False,2022-10-07,19:14:13,Somewhat Sad,2022-10-07 19:14:13,19,7,10,5
2022-10-07 19:15:53,New York,29,603,33.85032,-84.42953,79,False,False,"gear,convenience store,shopping trolley,negative squared latin capital letter p",False,2022-10-07,19:15:53,Very Sad,2022-10-07 19:15:53,19,7,10,5
2022-10-08 12:58:34,New York,29,576,40.87238,-73.91678,69,False,False,,False,2022-10-08,12:58:34,Somewhat Sad,2022-10-08 12:58:34,12,8,10,6
2022-10-08 13:00:34,New York,29,576,40.8726,-73.91784,70,False,False,,False,2022-10-08,13:00:34,Very Sad,2022-10-08 13:00:34,13,8,10,6
2022-10-10 14:57:24,New York,29,426,32.53747,-82.92994,52,True,False,owl,False,2022-10-10,14:57:24,Happy,2022-10-10 14:57:24,14,10,10,1
2022-10-15 18:10:35,New York,29,539,40.86605,-73.92782,85,False,False,,False,2022-10-15,18:10:35,Very Sad,2022-10-15 18:10:35,18,15,10,6
2022-10-15 18:11:45,New York,29,539,40.86591,-73.92771,84,False,False,,False,2022-10-15,18:11:45,Very Sad,2022-10-15 18:11:45,18,15,10,6
2022-10-21 20:42:17,New York,29,619,36.82668,-76.41428,78,False,True,"multiple musical notes,high-heeled shoe",False,2022-10-21,20:42:17,Somewhat Sad,2022-10-21 20:42:17,20,21,10,5
2022-10-22 13:42:28,New York,29,426,32.5418,-82.90279,51,True,True,,True,2022-10-22,13:42:28,Extremely Happy,2022-10-22 13:42:28,13,22,10,6
2022-10-30 19:14:32,New York,29,145,33.65969,-84.50019,64,False,True,,False,2022-10-30,19:14:32,Very Sad,2022-10-30 19:14:32,19,30,10,7
2022-11-04 14:27:42,New York,29,130,43.02816,-76.13634,57,False,True,,False,2022-11-04,14:27:42,Neutral,2022-11-04 14:27:42,14,4,11,5
2022-11-18 19:50:38,New York,29,663,40.69503,-73.93078,62,True,True,desktop computer,True,2022-11-18,19:50:38,Neutral,2022-11-18 19:50:38,19,18,11,5
2022-11-20 15:09:59,New York,29,716,40.69516,-73.93065,61,True,True,"racing motorcycle,rolling on the floor laughing",False,2022-11-20,15:09:59,Neutral,2022-11-20 15:09:59,15,20,11,7
2022-11-22 00:27:52,New York,29,242,33.88966,-84.27924,49,False,True,,False,2022-11-22,00:27:52,Neutral,2022-11-22 00:27:52,0,22,11,2
2022-12-02 20:23:24,New York,28,130,43.03223,-76.08874,76,False,True,"american football,multiple musical notes",False,2022-12-02,20:23:24,Somewhat Sad,2022-12-02 20:23:24,20,2,12,5
2022-12-02 20:23:24,New York,28,130,43.03223,-76.08874,76,False,True,"american football,multiple musical notes",False,2022-12-02,20:23:24,Somewhat Sad,2022-12-02 20:23:24,20,2,12,5
2022-12-13 11:19:45,New York,29,735,43.75661,-71.69028,62,True,True,,True,2022-12-13,11:19:45,Extremely Happy,2022-12-13 11:19:45,11,13,12,2
2022-12-13 12:12:29,New York,29,736,43.75858,-71.69067,49,True,True,wind blowing face,False,2022-12-13,12:12:29,Extremely Happy,2022-12-13 12:12:29,12,13,12,2
2022-12-22 08:45:51,New York,29,746,28.52245,-81.22514,66,True,True,,False,2022-12-22,08:45:51,Somewhat Sad,2022-12-22 08:45:51,8,22,12,4
2022-12-28 15:06:34,New York,29,333,44.45404,-73.1789,43,False,True,"automobile,motorway,delivery truck,airplane,airplane departure,helicopter",False,2022-12-28,15:06:34,Neutral,2022-12-28 15:06:34,15,28,12,3
2023-01-07 18:32:56,New York,29,487,40.85552,-73.93372,68,False,True,,False,2023-01-07,18:32:56,Neutral,2023-01-07 18:32:56,18,7,1,6
2023-01-08 15:02:01,New York,29,145,33.66678,-84.44575,75,True,False,,True,2023-01-08,15:02:01,Neutral,2023-01-08 15:02:01,15,8,1,7
2023-01-11 10:01:25,New York,29,755,43.58778,-70.33528,57,False,False,"automobile,delivery truck,bird",False,2023-01-11,10:01:25,Happy,2023-01-11 10:01:25,10,11,1,3
2023-01-11 10:06:52,New York,29,755,43.58778,-70.33525,42,False,True,"automobile,delivery truck",False,2023-01-11,10:06:52,Neutral,2023-01-11 10:06:52,10,11,1,3
2023-01-11 19:13:11,New York,29,735,43.45866,-71.56127,73,False,True,hamburger,False,2023-01-11,19:13:11,Very Sad,2023-01-11 19:13:11,19,11,1,3
2023-01-12 14:13:50,New York,29,755,43.58762,-70.33382,73,False,False,"delivery truck,automobile,railway track",False,2023-01-12,14:13:50,Happy,2023-01-12 14:13:50,14,12,1,4
2023-01-12 14:49:30,New York,29,755,43.57874,-70.34354,48,True,False,"automobile,bird",True,2023-01-12,14:49:30,Happy,2023-01-12 14:49:30,14,12,1,4
2023-01-12 20:43:41,New York,29,735,44.25586,-71.70156,47,True,True,"woman,desktop computer",False,2023-01-12,20:43:41,Happy,2023-01-12 20:43:41,20,12,1,4
2023-01-20 19:36:24,New York,29,786,37.6062,-86.03747,64,False,True,,False,2023-01-20,19:36:24,Neutral,2023-01-20 19:36:24,19,20,1,5
2023-01-26 18:10:02,New York,29,791,42.33092,-71.2465,56,False,True,hospital,False,2023-01-26,18:10:02,Happy,2023-01-26 18:10:02,18,26,1,4
2023-01-30 09:36:46,New York,29,778,38.84712,-77.07511,62,False,False,airplane departure,False,2023-01-30,09:36:46,Very Sad,2023-01-30 09:36:46,9,30,1,1
2023-01-30 09:37:49,New York,29,778,38.84707,-77.07503,62,False,False,airplane,False,2023-01-30,09:37:49,Very Sad,2023-01-30 09:37:49,9,30,1,1
2023-02-06 17:53:45,New York,29,807,40.86977,-73.91796,62,False,False,deciduous tree,False,2023-02-06,17:53:45,Happy,2023-02-06 17:53:45,17,6,2,1
2023-02-06 18:03:20,New York,29,807,40.86969,-73.91786,48,False,True,,False,2023-02-06,18:03:20,Neutral,2023-02-06 18:03:20,18,6,2,1
2023-02-06 18:05:18,New York,29,807,40.86969,-73.91786,41,False,True,,False,2023-02-06,18:05:18,Happy,2023-02-06 18:05:18,18,6,2,1
2023-02-13 13:11:42,New York,29,813,25.75882,-80.37575,59,False,True,"speaking head in silhouette,office building,school",False,2023-02-13,13:11:42,Somewhat Sad,2023-02-13 13:11:42,13,13,2,1
2023-02-14 20:30:58,New York,29,813,25.68632,-80.40083,76,True,True,"microphone,multiple musical notes,oncoming automobile",False,2023-02-14,20:30:58,Extremely Happy,2023-02-14 20:30:58,20,14,2,2
2023-02-15 17:19:36,New York,29,521,43.01861,-75.99514,46,True,True,television,False,2023-02-15,17:19:36,Neutral,2023-02-15 17:19:36,17,15,2,3
2023-02-15 20:13:36,New York,29,807,40.86947,-73.9179,64,False,True,,False,2023-02-15,20:13:36,Somewhat Sad,2023-02-15 20:13:36,20,15,2,3
2023-02-21 19:10:11,New York,29,145,26.07029,-80.14498,64,False,False,,False,2023-02-21,19:10:11,Neutral,2023-02-21 19:10:11,19,21,2,2
2023-02-22 09:47:31,New York,29,813,25.75753,-80.37598,62,False,True,office building,False,2023-02-22,09:47:31,Neutral,2023-02-22 09:47:31,9,22,2,3
2023-03-05 13:31:13,New York,29,858,35.97381,-78.51955,44,True,False,"bird,frog face",True,2023-03-05,13:31:13,Extremely Happy,2023-03-05 13:31:13,13,5,3,7
2023-03-08 13:50:24,New York,29,858,35.97375,-78.51997,56,True,False,,False,2023-03-08,13:50:24,Neutral,2023-03-08 13:50:24,13,8,3,3
2023-03-09 13:28:47,New York,29,864,35.44276,-76.97379,65,False,False,dog,False,2023-03-09,13:28:47,Very Sad,2023-03-09 13:28:47,13,9,3,4
2023-03-09 13:30:31,New York,29,864,35.44276,-76.97379,60,False,False,dog,False,2023-03-09,13:30:31,Very Sad,2023-03-09 13:30:31,13,9,3,4
2023-03-09 13:32:36,New York,29,864,35.44276,-76.97379,59,False,False,dog,False,2023-03-09,13:32:36,Very Sad,2023-03-09 13:32:36,13,9,3,4
2023-03-15 14:26:03,New York,25,755,40.79062,-73.95235,65,False,True,"hospital,speaking head in silhouette",False,2023-03-15,14:26:03,Very Sad,2023-03-15 14:26:03,14,15,3,3
2023-03-18 02:21:08,New York,29,755,27.78784,-82.67154,41,True,True,"automobile,cricket",False,2023-03-18,02:21:08,Extremely Happy,2023-03-18 02:21:08,2,18,3,6
2023-03-24 06:24:58,New York,29,887,43.20311,-77.67702,81,False,True,,False,2023-03-24,06:24:58,Extremely Happy,2023-03-24 06:24:58,6,24,3,5
2023-03-24 11:20:37,New York,29,883,40.79019,-73.95306,57,False,True,television,False,2023-03-24,11:20:37,Somewhat Sad,2023-03-24 11:20:37,11,24,3,5
2023-03-29 08:20:45,New York,29,897,41.03788,-83.65325,66,False,False,"automobile,racing motorcycle,police car",False,2023-03-29,08:20:45,Happy,2023-03-29 08:20:45,8,29,3,3
2023-04-10 12:50:12,New York,29,755,40.6902,-74.1815,79,False,True,"airplane,speaking head in silhouette",False,2023-04-10,12:50:12,Somewhat Sad,2023-04-10 12:50:12,12,10,4,1
2023-04-11 22:27:35,New York,29,915,38.63762,-77.25318,38,False,True,"automobile,helicopter",False,2023-04-11,22:27:35,Somewhat Sad,2023-04-11 22:27:35,22,11,4,2
2023-04-12 12:22:00,New York,29,915,38.84368,-77.43666,62,False,False,"motorway,airplane",False,2023-04-12,12:22:00,Neutral,2023-04-12 12:22:00,12,12,4,3
2023-04-12 15:57:37,New York,29,915,38.84335,-77.43773,66,False,False,airplane,False,2023-04-12,15:57:37,Neutral,2023-04-12 15:57:37,15,12,4,3
2023-04-15 08:49:21,New York,29,915,38.63762,-77.25304,54,False,False,,False,2023-04-15,08:49:21,Extremely Happy,2023-04-15 08:49:21,8,15,4,6
2023-04-15 19:00:34,New York,29,930,39.16217,-84.51082,80,True,True,,False,2023-04-15,19:00:34,Neutral,2023-04-15 19:00:34,19,15,4,6
2023-04-17 13:31:03,New York,29,915,38.84309,-77.43799,74,False,False,"fallen leaf,dash symbol",False,2023-04-17,13:31:03,Very Sad,2023-04-17 13:31:03,13,17,4,1
2023-04-18 00:05:31,New York,29,938,40.69018,-73.99433,59,False,True,motorway,False,2023-04-18,00:05:31,Somewhat Sad,2023-04-18 00:05:31,0,18,4,2
2023-04-18 17:01:37,New York,29,539,40.6859,-73.828,79,False,False,,False,2023-04-18,17:01:37,Very Sad,2023-04-18 17:01:37,17,18,4,2
2023-04-22 13:25:46,New York,29,539,40.86518,-73.92823,82,False,False,,False,2023-04-22,13:25:46,Very Sad,2023-04-22 13:25:46,13,22,4,6
2023-04-24 15:08:26,New York,29,947,32.49976,-83.68854,40,True,False,,False,2023-04-24,15:08:26,Somewhat Sad,2023-04-24 15:08:26,15,24,4,1
2023-04-30 03:16:10,New York,29,130,43.02819,-76.1365,53,False,False,"speaker with three sound waves,multiple musical notes",False,2023-04-30,03:16:10,Very Sad,2023-04-30 03:16:10,3,30,4,7
2023-04-30 03:18:22,New York,29,130,43.0282,-76.13636,52,False,True,"speaker with three sound waves,multiple musical notes",False,2023-04-30,03:18:22,Very Sad,2023-04-30 03:18:22,3,30,4,7
2023-04-30 03:35:44,New York,29,130,43.02803,-76.13646,72,False,True,"multiple musical notes,speaker with three sound waves",False,2023-04-30,03:35:44,Very Sad,2023-04-30 03:35:44,3,30,4,7
2023-04-30 10:06:40,New York,29,576,40.87131,-73.91524,47,False,True,,False,2023-04-30,10:06:40,Somewhat Sad,2023-04-30 10:06:40,10,30,4,7
2023-05-01 21:50:39,New York,29,539,40.86642,-73.92526,72,False,False,,False,2023-05-01,21:50:39,Somewhat Sad,2023-05-01 21:50:39,21,1,5,1
2023-05-07 06:39:23,New York,29,990,27.72639,-82.45451,46,False,False,,False,2023-05-07,06:39:23,Happy,2023-05-07 06:39:23,6,7,5,7
2023-05-09 18:26:17,New York,29,999,37.67269,-77.54945,43,False,True,,False,2023-05-09,18:26:17,Neutral,2023-05-09 18:26:17,18,9,5,2
2023-05-10 08:27:41,New York,29,915,38.64038,-77.29291,77,False,False,"loudly crying face,serious face with symbols covering mouth",False,2023-05-10,08:27:41,Very Sad,2023-05-10 08:27:41,8,10,5,3
2023-05-13 16:08:48,New York,29,921,42.77339,-71.23345,61,False,False,automobile,False,2023-05-13,16:08:48,Somewhat Sad,2023-05-13 16:08:48,16,13,5,6
2023-05-14 11:11:03,New York,29,921,42.77345,-71.23376,67,False,False,vertical traffic light,False,2023-05-14,11:11:03,Somewhat Sad,2023-05-14 11:11:03,11,14,5,7
2023-05-15 11:04:53,New York,29,1014,40.43359,-79.95272,74,True,False,tractor,False,2023-05-15,11:04:53,Somewhat Sad,2023-05-15 11:04:53,11,15,5,1
2023-05-15 14:10:41,New York,29,921,42.77339,-71.23359,63,False,False,taxi,False,2023-05-15,14:10:41,Somewhat Sad,2023-05-15 14:10:41,14,15,5,1
2023-05-16 05:59:54,New York,29,130,43.02815,-76.13644,41,False,True,"multiple musical notes,party popper,speaker with three sound waves",False,2023-05-16,05:59:54,Very Sad,2023-05-16 05:59:54,5,16,5,2
2023-05-16 13:39:22,New York,28,1034,42.38509,-73.72529,77,False,True,cow,False,2023-05-16,13:39:22,Neutral,2023-05-16 13:39:22,13,16,5,2
2023-05-21 15:54:21,New York,29,970,35.19811,-80.70596,76,False,True,"party popper,multiple musical notes,video game,rolling on the floor laughing",False,2023-05-21,15:54:21,Somewhat Sad,2023-05-21 15:54:21,15,21,5,7
2023-05-27 19:56:07,New York,29,915,38.63757,-77.25302,46,False,False,"speaker with three sound waves,multiple musical notes,serious face with symbols covering mouth",False,2023-05-27,19:56:07,Very Sad,2023-05-27 19:56:07,19,27,5,6
2023-05-31 12:50:11,New York,29,524,41.78866,-81.06832,78,False,True,,False,2023-05-31,12:50:11,Happy,2023-05-31 12:50:11,12,31,5,3
2023-05-31 21:42:48,New York,29,1056,27.78733,-82.65212,51,False,True,"high-heeled shoe,control knobs,house building,hot springs,mouth,woman+emoji modifier fitzpatrick type-1-2+null,electric light bulb,electric plug,toilet,wind blowing face",False,2023-05-31,21:42:48,Somewhat Sad,2023-05-31 21:42:48,21,31,5,3
2023-06-01 04:56:25,New York,29,1086,42.13135,-80.08636,66,False,True,,False,2023-06-01,04:56:25,Neutral,2023-06-01 04:56:25,4,1,6,4
2023-06-01 14:26:26,New York,29,1088,42.1367,-80.08691,54,False,True,,False,2023-06-01,14:26:26,Somewhat Sad,2023-06-01 14:26:26,14,1,6,4
2023-06-01 20:03:20,New York,17,439,40.75161,-73.99552,81,False,True,,False,2023-06-01,20:03:20,Somewhat Sad,2023-06-01 20:03:20,20,1,6,4
2023-06-02 14:15:55,New York,29,1088,42.13961,-80.01452,44,False,True,,False,2023-06-02,14:15:55,Neutral,2023-06-02 14:15:55,14,2,6,5
2023-06-03 22:51:35,New York,29,1088,41.66619,-81.29134,32,True,True,,False,2023-06-03,22:51:35,Neutral,2023-06-03 22:51:35,22,3,6,6
2023-06-04 16:56:16,New York,29,1088,41.66548,-81.29149,55,False,False,bird,False,2023-06-04,16:56:16,Somewhat Sad,2023-06-04 16:56:16,16,4,6,7
2023-06-04 17:50:53,New York,29,439,40.87126,-73.91943,81,False,False,,False,2023-06-04,17:50:53,Somewhat Sad,2023-06-04 17:50:53,17,4,6,7
2023-06-04 18:01:11,New York,29,539,40.86615,-73.92795,83,False,False,,False,2023-06-04,18:01:11,Somewhat Sad,2023-06-04 18:01:11,18,4,6,7
2023-06-04 18:22:03,New York,29,1088,41.66583,-81.29129,53,False,False,drum with drumsticks,False,2023-06-04,18:22:03,Somewhat Sad,2023-06-04 18:22:03,18,4,6,7
2023-06-06 11:09:39,New York,29,1088,42.13945,-80.01405,68,False,False,,False,2023-06-06,11:09:39,Very Sad,2023-06-06 11:09:39,11,6,6,2
2023-06-06 17:20:00,New York,29,1088,42.13942,-80.01342,55,False,False,,False,2023-06-06,17:20:00,Somewhat Sad,2023-06-06 17:20:00,17,6,6,2
2023-06-07 16:34:48,New York,29,1088,42.13734,-80.08636,49,False,False,,False,2023-06-07,16:34:48,Neutral,2023-06-07 16:34:48,16,7,6,3
2023-06-08 05:08:47,New York,29,1088,42.13943,-80.01401,45,False,True,,False,2023-06-08,05:08:47,Somewhat Sad,2023-06-08 05:08:47,5,8,6,4
2023-06-09 12:55:06,New York,29,1088,42.13711,-80.08567,64,False,False,,False,2023-06-09,12:55:06,Somewhat Sad,2023-06-09 12:55:06,12,9,6,5
2023-06-09 20:14:41,New York,29,1088,42.13927,-80.01371,60,True,False,vertical traffic light,False,2023-06-09,20:14:41,Somewhat Sad,2023-06-09 20:14:41,20,9,6,5
2023-06-10 09:51:32,New York,29,141,40.90678,-73.78117,58,False,False,,False,2023-06-10,09:51:32,Very Sad,2023-06-10 09:51:32,9,10,6,6
2023-06-10 17:42:08,New York,29,1088,42.13917,-80.01396,54,False,False,,False,2023-06-10,17:42:08,Neutral,2023-06-10 17:42:08,17,10,6,6
2023-06-10 21:43:47,New York,29,1088,42.13931,-80.01386,50,False,True,dog,False,2023-06-10,21:43:47,Somewhat Sad,2023-06-10 21:43:47,21,10,6,6
2023-06-11 11:51:29,New York,29,1088,42.13912,-80.01369,42,False,True,dog,False,2023-06-11,11:51:29,Somewhat Sad,2023-06-11 11:51:29,11,11,6,7
2023-06-11 14:49:10,New York,29,921,42.77331,-71.23342,63,False,False,,False,2023-06-11,14:49:10,Somewhat Sad,2023-06-11 14:49:10,14,11,6,7
2023-06-11 20:51:27,New York,29,1134,42.11496,-73.26915,47,True,False,national park,True,2023-06-11,20:51:27,Happy,2023-06-11 20:51:27,20,11,6,7
2023-06-12 13:35:26,New York,29,858,35.97383,-78.51973,51,False,False,,False,2023-06-12,13:35:26,Somewhat Sad,2023-06-12 13:35:26,13,12,6,1
2023-06-12 14:00:35,New York,29,1139,40.71737,-74.01505,48,False,True,,False,2023-06-12,14:00:35,Neutral,2023-06-12 14:00:35,14,12,6,1
2023-06-13 09:22:59,New York,29,1088,42.13945,-80.01404,43,False,False,"taxi,dog",False,2023-06-13,09:22:59,Somewhat Sad,2023-06-13 09:22:59,9,13,6,2
2023-06-14 18:01:09,New York,29,1088,42.1367,-80.08689,55,False,True,,False,2023-06-14,18:01:09,Somewhat Sad,2023-06-14 18:01:09,18,14,6,3
2023-06-15 18:37:01,New York,29,1088,42.13676,-80.08661,54,False,True,,False,2023-06-15,18:37:01,Somewhat Sad,2023-06-15 18:37:01,18,15,6,4
2023-06-15 20:58:00,New York,29,1088,42.13905,-80.01382,59,False,False,dog,False,2023-06-15,20:58:00,Somewhat Sad,2023-06-15 20:58:00,20,15,6,4
2023-06-16 16:34:48,New York,29,1088,42.13945,-80.01404,66,False,False,automobile,False,2023-06-16,16:34:48,Somewhat Sad,2023-06-16 16:34:48,16,16,6,5
2023-06-16 18:00:25,New York,29,1088,42.13945,-80.01404,66,False,False,helicopter,False,2023-06-16,18:00:25,Somewhat Sad,2023-06-16 18:00:25,18,16,6,5
2023-06-16 20:29:22,New York,29,138,31.554,-84.12385,53,False,False,"railway car,delivery truck,hammer and wrench,honeybee,cricket,bird",False,2023-06-16,20:29:22,Neutral,2023-06-16 20:29:22,20,16,6,5
2023-06-18 11:00:26,New York,29,1156,41.14128,-73.54936,57,True,False,,False,2023-06-18,11:00:26,Happy,2023-06-18 11:00:26,11,18,6,7
2023-06-18 17:13:39,New York,29,1088,42.14492,-80.00436,67,False,True,,False,2023-06-18,17:13:39,Somewhat Sad,2023-06-18 17:13:39,17,18,6,7
2023-06-18 17:16:33,New York,29,1088,42.14514,-80.00485,72,False,False,taxi,False,2023-06-18,17:16:33,Somewhat Sad,2023-06-18 17:16:33,17,18,6,7
2023-06-18 18:09:18,New York,29,539,40.86734,-73.92217,83,False,False,,False,2023-06-18,18:09:18,Very Sad,2023-06-18 18:09:18,18,18,6,7
2023-06-20 08:38:36,New York,29,1156,41.05111,-73.54394,75,True,False,,False,2023-06-20,08:38:36,Somewhat Sad,2023-06-20 08:38:36,8,20,6,2
2023-06-20 12:52:06,New York,29,1014,40.43366,-79.95251,81,False,False,"null,tractor",False,2023-06-20,12:52:06,Very Sad,2023-06-20 12:52:06,12,20,6,2
2023-06-23 12:48:19,New York,29,1088,42.13692,-80.08578,61,False,False,"helicopter,automobile",False,2023-06-23,12:48:19,Somewhat Sad,2023-06-23 12:48:19,12,23,6,5
2023-06-24 08:56:24,New York,29,1177,39.46731,-76.80494,41,True,True,"wind blowing face,deciduous tree",False,2023-06-24,08:56:24,Happy,2023-06-24 08:56:24,8,24,6,6
2023-06-24 13:22:39,New York,29,539,40.86592,-73.92741,84,False,False,,False,2023-06-24,13:22:39,Very Sad,2023-06-24 13:22:39,13,24,6,6
2023-06-24 17:57:14,New York,29,1088,41.66627,-81.29126,63,False,False,"automobile,null",False,2023-06-24,17:57:14,Somewhat Sad,2023-06-24 17:57:14,17,24,6,6
2023-06-24 18:00:03,New York,29,1088,41.66611,-81.29124,69,False,False,automobile,False,2023-06-24,18:00:03,Somewhat Sad,2023-06-24 18:00:03,18,24,6,6
2023-06-25 18:08:26,New York,29,1183,41.81685,-71.45306,70,True,False,multiple musical notes,False,2023-06-25,18:08:26,Neutral,2023-06-25 18:08:26,18,25,6,7
2023-06-26 08:48:45,New York,29,141,40.90684,-73.78101,69,False,False,,False,2023-06-26,08:48:45,Very Sad,2023-06-26 08:48:45,8,26,6,1
2023-06-26 08:49:50,New York,29,141,40.90685,-73.78105,80,False,False,"metro,delivery truck",False,2023-06-26,08:49:50,Very Sad,2023-06-26 08:49:50,8,26,6,1
2023-06-29 20:16:29,New York,29,1088,42.13697,-80.08767,49,False,True,,False,2023-06-29,20:16:29,Somewhat Sad,2023-06-29 20:16:29,20,29,6,4
2023-07-01 11:01:49,New York,29,1088,42.13691,-80.0875,59,False,True,,False,2023-07-01,11:01:49,Somewhat Sad,2023-07-01 11:01:49,11,1,7,6
2023-07-02 21:42:37,New York,29,755,40.77044,-73.86271,74,False,True,"airplane,microphone,speaking head in silhouette,woman",False,2023-07-02,21:42:37,Very Sad,2023-07-02 21:42:37,21,2,7,7
2023-07-02 22:35:51,New York,29,755,40.77089,-73.86295,80,False,True,"airplane,microphone,speaking head in silhouette",False,2023-07-02,22:35:51,Somewhat Sad,2023-07-02 22:35:51,22,2,7,7
2023-07-02 22:53:23,New York,29,755,43.64626,-70.31069,78,False,True,"airplane,speaking head in silhouette",False,2023-07-02,22:53:23,Neutral,2023-07-02 22:53:23,22,2,7,7
2023-07-06 01:44:54,New York,29,130,43.02823,-76.13649,55,True,True,,False,2023-07-06,01:44:54,Neutral,2023-07-06 01:44:54,1,6,7,4
2023-07-06 19:10:55,New York,29,921,42.77351,-71.23361,63,False,False,,False,2023-07-06,19:10:55,Somewhat Sad,2023-07-06 19:10:55,19,6,7,4
2023-07-08 07:30:28,New York,29,1211,38.98496,-77.08986,59,False,False,"automobile,bus,vertical traffic light,bird,deciduous tree,thunder cloud and rain,high voltage sign,office building",False,2023-07-08,07:30:28,Extremely Happy,2023-07-08 07:30:28,7,8,7,6
2023-07-08 16:23:46,New York,29,755,40.79367,-73.96727,78,False,False,"delivery truck,taxi,automobile,bus,speaking head in silhouette,bird",False,2023-07-08,16:23:46,Somewhat Sad,2023-07-08 16:23:46,16,8,7,6
2023-07-08 16:26:08,New York,29,755,40.79337,-73.96617,68,False,False,"helicopter,bus,automobile,taxi,delivery truck,bird,deciduous tree",False,2023-07-08,16:26:08,Neutral,2023-07-08 16:26:08,16,8,7,6
2023-07-08 16:40:51,New York,29,755,40.78705,-73.95734,64,False,False,"automobile,bus,delivery truck,airplane,rolling on the floor laughing,wind blowing face,deciduous tree,bird",True,2023-07-08,16:40:51,Neutral,2023-07-08 16:40:51,16,8,7,6
2023-07-08 20:09:15,New York,29,755,40.74581,-73.88957,66,False,True,"multiple musical notes,speaker with three sound waves,rolling on the floor laughing",False,2023-07-08,20:09:15,Extremely Happy,2023-07-08 20:09:15,20,8,7,6
2023-07-09 20:49:29,New York,29,1222,40.77534,-73.97877,59,False,False,,False,2023-07-09,20:49:29,Extremely Happy,2023-07-09 20:49:29,20,9,7,7
2023-07-10 19:43:41,New York,29,1088,42.13707,-80.08743,67,False,False,helicopter,False,2023-07-10,19:43:41,Somewhat Sad,2023-07-10 19:43:41,19,10,7,1
2023-07-11 08:53:07,New York,29,1088,42.1393,-80.01387,48,False,False,"dog,automobile",False,2023-07-11,08:53:07,Very Sad,2023-07-11 08:53:07,8,11,7,2
2023-07-12 05:52:36,New York,29,130,43.02804,-76.13645,35,True,True,,False,2023-07-12,05:52:36,Neutral,2023-07-12 05:52:36,5,12,7,3
2023-07-12 20:57:34,New York,29,1237,36.44488,-81.04733,41,True,False,,False,2023-07-12,20:57:34,Neutral,2023-07-12 20:57:34,20,12,7,3
2023-07-13 20:14:52,New York,29,755,40.78633,-73.95767,68,False,False,"helicopter,automobile,speaking head in silhouette,deciduous tree,wind blowing face",False,2023-07-13,20:14:52,Neutral,2023-07-13 20:14:52,20,13,7,4
2023-07-13 20:18:45,New York,29,755,40.78404,-73.95891,65,False,False,"airplane,helicopter,taxi,automobile,speaking head in silhouette,bird,deciduous tree",False,2023-07-13,20:18:45,Happy,2023-07-13 20:18:45,20,13,7,4
2023-07-14 18:16:50,New York,29,755,40.78362,-73.97919,69,False,False,"taxi,automobile,delivery truck,bus",False,2023-07-14,18:16:50,Neutral,2023-07-14 18:16:50,18,14,7,5
2023-07-14 20:35:26,New York,29,755,40.78705,-73.97548,76,True,True,"multiple musical notes,speaker with three sound waves,speaking head in silhouette",False,2023-07-14,20:35:26,Extremely Happy,2023-07-14 20:35:26,20,14,7,5
2023-07-14 20:41:38,New York,29,755,40.78694,-73.97554,68,False,True,"multiple musical notes,speaker with three sound waves",False,2023-07-14,20:41:38,Happy,2023-07-14 20:41:38,20,14,7,5
2023-07-14 21:51:48,New York,29,755,40.78827,-73.97643,78,False,True,"railway car,speaking head in silhouette,serious face with symbols covering mouth",False,2023-07-14,21:51:48,Neutral,2023-07-14 21:51:48,21,14,7,5
2023-07-14 21:53:47,New York,29,755,40.78823,-73.97651,76,False,True,"railway car,speaking head in silhouette",False,2023-07-14,21:53:47,Extremely Happy,2023-07-14 21:53:47,21,14,7,5
2023-07-14 21:56:08,New York,29,755,40.78822,-73.97652,78,False,True,railway car,False,2023-07-14,21:56:08,Neutral,2023-07-14 21:56:08,21,14,7,5
2023-07-15 10:57:48,New York,29,1251,38.21846,-85.66714,58,True,False,"deciduous tree,thunder cloud and rain",False,2023-07-15,10:57:48,Extremely Happy,2023-07-15 10:57:48,10,15,7,6
2023-07-16 13:06:27,New York,29,1257,36.05287,-79.89407,60,False,False,"automobile,delivery truck,racing motorcycle,motorway",False,2023-07-16,13:06:27,Neutral,2023-07-16 13:06:27,13,16,7,7
2023-07-16 18:47:01,New York,29,1251,38.21834,-85.667,66,True,False,,False,2023-07-16,18:47:01,Neutral,2023-07-16 18:47:01,18,16,7,7
2023-07-17 19:53:46,New York,29,145,33.667,-84.44545,65,False,False,tractor,False,2023-07-17,19:53:46,Somewhat Sad,2023-07-17 19:53:46,19,17,7,1
2023-07-18 16:13:20,New York,29,130,43.02812,-76.13645,37,False,True,,False,2023-07-18,16:13:20,Neutral,2023-07-18 16:13:20,16,18,7,2
2023-07-20 19:34:48,New York,29,221,33.76478,-84.33367,82,False,True,,False,2023-07-20,19:34:48,Very Sad,2023-07-20 19:34:48,19,20,7,4
2023-07-20 19:41:28,New York,29,221,33.7653,-84.33531,81,False,True,,False,2023-07-20,19:41:28,Very Sad,2023-07-20 19:41:28,19,20,7,4
2023-07-21 18:39:37,New York,29,1239,39.11363,-84.55702,56,True,False,"automobile,rugby football,bird",False,2023-07-21,18:39:37,Happy,2023-07-21 18:39:37,18,21,7,5
2023-07-22 20:37:51,New York,29,1251,38.24605,-85.72896,76,True,True,multiple musical notes,False,2023-07-22,20:37:51,Extremely Happy,2023-07-22 20:37:51,20,22,7,6
2023-07-26 13:54:09,New York,29,921,42.77337,-71.23347,57,False,False,"automobile,taxi,delivery truck,hammer",False,2023-07-26,13:54:09,Very Sad,2023-07-26 13:54:09,13,26,7,3
2023-07-27 08:05:04,New York,29,1127,40.67424,-73.90677,74,False,True,"tractor,hammer",False,2023-07-27,08:05:04,Somewhat Sad,2023-07-27 08:05:04,8,27,7,4
2023-07-27 19:06:29,New York,29,1078,38.88229,-77.10976,76,False,True,,False,2023-07-27,19:06:29,Very Sad,2023-07-27 19:06:29,19,27,7,4
2023-07-28 12:25:42,New York,29,921,42.77331,-71.23363,63,False,False,"taxi,automobile,delivery truck,hammer",False,2023-07-28,12:25:42,Somewhat Sad,2023-07-28 12:25:42,12,28,7,5
2023-07-28 14:48:10,New York,29,1294,42.48002,-76.4512,53,True,True,,False,2023-07-28,14:48:10,Happy,2023-07-28 14:48:10,14,28,7,5
2023-08-05 17:19:04,New York,29,130,43.03651,-76.13657,85,False,True,,False,2023-08-05,17:19:04,Neutral,2023-08-05 17:19:04,17,5,8,6
2023-08-05 18:19:07,New York,29,1086,42.13127,-80.08632,63,False,True,wind blowing face,False,2023-08-05,18:19:07,Very Sad,2023-08-05 18:19:07,18,5,8,6
2023-08-05 19:31:00,New York,29,130,43.03625,-76.13651,82,False,True,,False,2023-08-05,19:31:00,Neutral,2023-08-05 19:31:00,19,5,8,6
2023-08-07 22:58:31,New York,29,1313,39.27085,-76.61205,56,False,False,"cricket,frog face,thunder cloud and rain,night with stars",False,2023-08-07,22:58:31,Neutral,2023-08-07 22:58:31,22,7,8,1
2023-08-08 16:52:10,New York,29,1315,37.4664,-84.21784,46,False,True,,False,2023-08-08,16:52:10,Happy,2023-08-08 16:52:10,16,8,8,2
2023-08-08 16:54:09,New York,29,1315,37.4664,-84.21784,51,False,False,"null,cricket",False,2023-08-08,16:54:09,Extremely Happy,2023-08-08 16:54:09,16,8,8,2
2023-08-08 16:54:09,New York,29,1315,37.4664,-84.21784,51,False,False,"null,cricket",False,2023-08-08,16:54:09,Extremely Happy,2023-08-08 16:54:09,16,8,8,2
2023-08-10 20:47:33,New York,29,1313,39.27086,-76.6121,61,True,False,"airplane,helicopter,speaking head in silhouette,cricket,control knobs",False,2023-08-10,20:47:33,Neutral,2023-08-10 20:47:33,20,10,8,4
2023-08-11 17:46:44,New York,29,130,43.03483,-76.16345,78,False,False,,False,2023-08-11,17:46:44,Very Sad,2023-08-11 17:46:44,17,11,8,5
2023-08-12 10:23:48,New York,29,1088,42.1395,-80.0138,74,False,False,,False,2023-08-12,10:23:48,Very Sad,2023-08-12 10:23:48,10,12,8,6
2023-08-12 12:51:44,New York,29,1086,42.13138,-80.08626,66,False,True,wind blowing face,False,2023-08-12,12:51:44,Somewhat Sad,2023-08-12 12:51:44,12,12,8,6
2023-08-14 17:19:35,New York,29,1328,36.07373,-83.90124,48,False,True,,False,2023-08-14,17:19:35,Neutral,2023-08-14 17:19:35,17,14,8,1
2023-08-16 04:47:10,New York,29,1086,42.13141,-80.08647,67,False,True,hammer,False,2023-08-16,04:47:10,Somewhat Sad,2023-08-16 04:47:10,4,16,8,3
2023-08-16 14:22:18,New York,29,1332,38.87563,-77.28914,62,True,True,,False,2023-08-16,14:22:18,Extremely Happy,2023-08-16 14:22:18,14,16,8,3
2023-08-23 10:58:47,New York,29,1088,42.10799,-80.13618,68,False,True,,False,2023-08-23,10:58:47,Somewhat Sad,2023-08-23 10:58:47,10,23,8,3
2023-08-29 22:49:12,New York,29,1348,40.87078,-73.91808,48,True,True,television,False,2023-08-29,22:49:12,Happy,2023-08-29 22:49:12,22,29,8,2
2023-08-30 01:19:55,New York,29,1348,40.87078,-73.91808,60,True,True,gear,False,2023-08-30,01:19:55,Neutral,2023-08-30 01:19:55,1,30,8,3
2023-08-30 13:13:32,New York,29,1348,40.75121,-73.97702,53,False,True,"desktop computer,speaking head in silhouette,office building",False,2023-08-30,13:13:32,Neutral,2023-08-30 13:13:32,13,30,8,3
2023-08-30 19:41:50,New York,29,1088,42.1366,-80.08691,53,False,True,,False,2023-08-30,19:41:50,Somewhat Sad,2023-08-30 19:41:50,19,30,8,3
2023-08-31 02:09:45,New York,29,1348,40.87076,-73.91815,45,False,True,gear,False,2023-08-31,02:09:45,Happy,2023-08-31 02:09:45,2,31,8,4
2023-08-31 12:02:53,New York,29,130,43.02814,-76.13638,39,False,True,,False,2023-08-31,12:02:53,Happy,2023-08-31 12:02:53,12,31,8,4
2023-08-31 14:34:25,New York,29,130,43.02813,-76.13648,39,False,True,,False,2023-08-31,14:34:25,Happy,2023-08-31 14:34:25,14,31,8,4
2023-09-02 21:05:17,New York,29,539,40.86622,-73.92787,83,False,False,speaker with three sound waves,False,2023-09-02,21:05:17,Very Sad,2023-09-02 21:05:17,21,2,9,6
2023-09-02 21:05:17,New York,29,539,40.86622,-73.92787,83,False,False,,False,2023-09-02,21:05:17,Very Sad,2023-09-02 21:05:17,21,2,9,6
2023-09-05 19:13:01,New York,29,1086,42.13132,-80.08649,60,False,True,office building,False,2023-09-05,19:13:01,Very Sad,2023-09-05 19:13:01,19,5,9,2
2023-09-06 09:16:11,New York,29,1088,42.10771,-80.13633,66,False,True,,False,2023-09-06,09:16:11,Somewhat Sad,2023-09-06 09:16:11,9,6,9,3
2023-09-16 08:02:09,New York,29,1361,43.08629,-78.97172,53,True,False,,False,2023-09-16,08:02:09,Neutral,2023-09-16 08:02:09,8,16,9,6
2023-09-16 08:04:08,New York,29,1361,43.08642,-78.97193,53,True,False,,False,2023-09-16,08:04:08,Neutral,2023-09-16 08:04:08,8,16,9,6
2023-09-16 08:07:49,New York,29,1361,43.08631,-78.97186,55,True,False,"automobile,vertical traffic light,delivery truck,bus,speedboat,building construction,tractor,film projector,factory,desktop computer,adult+microphone,bird,cricket,null,dog",False,2023-09-16,08:07:49,Neutral,2023-09-16 08:07:49,8,16,9,6
2023-09-16 08:16:26,New York,29,1361,43.09607,-79.05546,49,True,True,,False,2023-09-16,08:16:26,Happy,2023-09-16 08:16:26,8,16,9,6
2023-09-17 18:06:49,New York,29,1356,40.86816,-73.92691,66,False,True,multiple musical notes,False,2023-09-17,18:06:49,Very Sad,2023-09-17 18:06:49,18,17,9,7
2023-09-17 18:12:58,New York,29,1366,40.86474,-73.92839,49,False,True,"multiple musical notes,microphone",False,2023-09-17,18:12:58,Somewhat Sad,2023-09-17 18:12:58,18,17,9,7
2023-09-17 18:45:53,New York,29,1086,42.13138,-80.0865,60,False,True,,False,2023-09-17,18:45:53,Very Sad,2023-09-17 18:45:53,18,17,9,7
2023-09-22 18:43:11,New York,29,130,33.63476,-84.42147,82,False,True,airplane,False,2023-09-22,18:43:11,Neutral,2023-09-22 18:43:11,18,22,9,5
2023-09-22 20:45:35,New York,29,539,40.86675,-73.92858,83,False,False,,False,2023-09-22,20:45:35,Very Sad,2023-09-22 20:45:35,20,22,9,5
2023-09-22 20:51:14,New York,29,539,40.86576,-73.92751,84,False,False,,False,2023-09-22,20:51:14,Very Sad,2023-09-22 20:51:14,20,22,9,5
2023-09-24 18:43:58,New York,29,539,40.86589,-73.92786,83,False,False,,False,2023-09-24,18:43:58,Very Sad,2023-09-24 18:43:58,18,24,9,7
2023-09-28 11:11:42,New York,29,1383,26.12071,-80.14316,49,False,True,"man+personal computer,card file box",False,2023-09-28,11:11:42,Happy,2023-09-28 11:11:42,11,28,9,4
2023-10-01 10:55:02,New York,19,439,40.86599,-73.92788,80,False,False,,False,2023-10-01,10:55:02,Somewhat Sad,2023-10-01 10:55:02,10,1,10,7
2023-10-03 08:28:29,New York,29,1088,41.09742,-75.39129,59,False,False,,False,2023-10-03,08:28:29,Somewhat Sad,2023-10-03 08:28:29,8,3,10,2
2023-10-03 16:59:28,New York,29,1088,41.04577,-75.31257,68,False,False,automobile,False,2023-10-03,16:59:28,Very Sad,2023-10-03 16:59:28,16,3,10,2
2023-10-12 13:16:21,New York,29,1383,26.1208,-80.14274,62,False,True,baby,False,2023-10-12,13:16:21,Happy,2023-10-12 13:16:21,13,12,10,4
2023-10-12 13:19:19,New York,29,1383,26.12092,-80.14275,58,False,True,personal computer,True,2023-10-12,13:19:19,Happy,2023-10-12 13:19:19,13,12,10,4
2023-10-12 13:23:16,New York,29,1383,26.12051,-80.14488,78,False,False,building construction,False,2023-10-12,13:23:16,Very Sad,2023-10-12 13:23:16,13,12,10,4
2023-10-12 13:26:17,New York,29,1383,26.11932,-80.14462,80,False,False,statue of liberty,False,2023-10-12,13:26:17,Neutral,2023-10-12 13:26:17,13,12,10,4
2023-10-12 13:28:25,New York,29,1383,26.1193,-80.14455,75,False,False,,False,2023-10-12,13:28:25,Happy,2023-10-12 13:28:25,13,12,10,4
2023-10-12 13:32:16,New York,29,1383,26.1185,-80.14404,72,False,False,bridge at night,False,2023-10-12,13:32:16,Happy,2023-10-12 13:32:16,13,12,10,4
2023-10-12 13:35:51,New York,29,1383,26.11922,-80.14292,76,False,False,fountain,False,2023-10-12,13:35:51,Somewhat Sad,2023-10-12 13:35:51,13,12,10,4
2023-10-12 13:38:40,New York,29,1383,26.1196,-80.1429,71,True,True,"frame with picture,artist palette",True,2023-10-12,13:38:40,Extremely Happy,2023-10-12 13:38:40,13,12,10,4
2023-10-12 14:24:55,New York,29,1383,26.12053,-80.14797,70,False,False,office building,False,2023-10-12,14:24:55,Happy,2023-10-12 14:24:55,14,12,10,4
2023-10-12 21:07:08,New York,29,1414,36.06532,-76.41508,40,True,False,,False,2023-10-12,21:07:08,Extremely Happy,2023-10-12 21:07:08,21,12,10,4
2023-10-14 08:05:14,New York,29,1415,39.61395,-84.50959,39,False,False,camping,False,2023-10-14,08:05:14,Happy,2023-10-14 08:05:14,8,14,10,6
2023-10-16 00:11:10,New York,29,1421,27.78733,-82.65209,44,True,True,"wind blowing face,dog,gear",False,2023-10-16,00:11:10,Happy,2023-10-16 00:11:10,0,16,10,1
2023-10-16 12:59:51,New York,29,1420,41.92534,-73.99845,45,False,True,adult+school,False,2023-10-16,12:59:51,Neutral,2023-10-16 12:59:51,12,16,10,1
2023-10-18 18:43:41,New York,29,1088,42.13666,-80.08699,57,False,True,,False,2023-10-18,18:43:41,Somewhat Sad,2023-10-18 18:43:41,18,18,10,3
2023-10-24 20:32:58,New York,29,539,40.86629,-73.92571,50,False,True,,False,2023-10-24,20:32:58,Somewhat Sad,2023-10-24 20:32:58,20,24,10,2
2023-10-28 16:17:23,New York,29,1391,33.74473,-84.41606,86,False,False,"multiple musical notes,microphone,drum with drumsticks,musical keyboard,trumpet",False,2023-10-28,16:17:23,Neutral,2023-10-28 16:17:23,16,28,10,6
2023-10-30 09:39:54,New York,29,915,38.84312,-77.43837,70,False,False,,False,2023-10-30,09:39:54,Somewhat Sad,2023-10-30 09:39:54,9,30,10,1
2023-10-31 15:06:27,New York,29,539,40.86604,-73.92779,83,False,False,,False,2023-10-31,15:06:27,Very Sad,2023-10-31 15:06:27,15,31,10,2
2023-10-31 18:32:12,New York,29,439,40.86786,-73.92663,69,False,False,,False,2023-10-31,18:32:12,Very Sad,2023-10-31 18:32:12,18,31,10,2
2023-10-31 20:35:44,New York,29,1449,30.50667,-84.19427,57,True,True,television,False,2023-10-31,20:35:44,Happy,2023-10-31 20:35:44,20,31,10,2
2023-11-01 16:35:51,New York,29,1452,41.48298,-73.4094,71,False,False,"vertical traffic light,delivery truck,automobile,metro,articulated lorry,fire engine,construction sign",False,2023-11-01,16:35:51,Very Sad,2023-11-01 16:35:51,16,1,11,3
2023-11-01 16:39:58,New York,29,1452,41.4829,-73.4095,72,False,False,"delivery truck,vertical traffic light,tractor,null,hammer,construction sign,null,articulated lorry,recreational vehicle",False,2023-11-01,16:39:58,Very Sad,2023-11-01 16:39:58,16,1,11,3
2023-11-01 20:25:03,New York,29,1088,42.13669,-80.08681,59,False,True,wind blowing face,False,2023-11-01,20:25:03,Somewhat Sad,2023-11-01 20:25:03,20,1,11,3
2023-11-02 16:26:09,New York,29,1308,41.81829,-71.43071,44,False,True,"automobile,delivery truck,null,house buildings,cityscape",False,2023-11-02,16:26:09,Happy,2023-11-02 16:26:09,16,2,11,4
2023-11-03 15:55:52,New York,29,1452,41.69476,-73.49722,66,False,False,,False,2023-11-03,15:55:52,Very Sad,2023-11-03 15:55:52,15,3,11,5
2023-11-05 07:07:47,New York,29,145,33.69621,-84.56819,48,True,True,television,False,2023-11-05,07:07:47,Happy,2023-11-05 07:07:47,7,5,11,7
2023-11-05 09:35:18,New York,29,539,40.80622,-73.94241,82,False,False,,False,2023-11-05,09:35:18,Very Sad,2023-11-05 09:35:18,9,5,11,7
2023-11-07 20:15:34,New York,29,1088,42.1367,-80.08673,58,False,True,,False,2023-11-07,20:15:34,Very Sad,2023-11-07 20:15:34,20,7,11,2
2023-11-15 11:51:22,New York,28,1477,35.1287,-81.80253,33,True,True,thunder cloud and rain,True,2023-11-15,11:51:22,Neutral,2023-11-15 11:51:22,11,15,11,3
2023-11-15 15:03:50,New York,29,1478,43.75665,-71.68993,56,False,True,man+personal computer,False,2023-11-15,15:03:50,Neutral,2023-11-15 15:03:50,15,15,11,3
2023-11-15 15:33:38,New York,29,1481,43.68033,-70.44877,51,True,True,"bus,taxi",False,2023-11-15,15:33:38,Neutral,2023-11-15 15:33:38,15,15,11,3
2023-11-15 15:40:50,New York,29,1480,43.75664,-71.68996,54,False,True,desktop computer,True,2023-11-15,15:40:50,Neutral,2023-11-15 15:40:50,15,15,11,3
2023-11-15 21:00:39,New York,29,1480,43.75732,-71.6906,49,False,True,"man+personal computer,books",True,2023-11-15,21:00:39,Extremely Happy,2023-11-15 21:00:39,21,15,11,3
2023-11-16 09:20:02,New York,29,1480,43.75855,-71.69128,48,False,True,"office building,delivery truck,automobile,speaking head in silhouette",False,2023-11-16,09:20:02,Happy,2023-11-16 09:20:02,9,16,11,4
2023-11-16 13:37:29,New York,29,1479,43.7581,-71.69224,44,False,True,automobile,False,2023-11-16,13:37:29,Happy,2023-11-16 13:37:29,13,16,11,4
2023-11-16 13:46:10,New York,29,1480,43.76074,-71.68905,68,False,True,speaking head in silhouette,False,2023-11-16,13:46:10,Happy,2023-11-16 13:46:10,13,16,11,4
2023-11-16 14:18:03,New York,29,1479,43.75726,-71.69074,52,False,True,books,False,2023-11-16,14:18:03,Happy,2023-11-16 14:18:03,14,16,11,4
2023-11-16 14:42:59,New York,29,1479,43.75815,-71.69003,62,False,False,"automobile,speaking head in silhouette,wind blowing face",True,2023-11-16,14:42:59,Extremely Happy,2023-11-16 14:42:59,14,16,11,4
2023-11-16 14:47:40,New York,29,1479,43.75983,-71.69005,67,False,True,"multiple musical notes,speaking head in silhouette",True,2023-11-16,14:47:40,Happy,2023-11-16 14:47:40,14,16,11,4
2023-11-16 14:53:25,New York,29,1479,43.76072,-71.68923,69,False,True,"multiple musical notes,speaking head in silhouette,rolling on the floor laughing,slice of pizza",False,2023-11-16,14:53:25,Happy,2023-11-16 14:53:25,14,16,11,4
2023-11-17 17:41:04,New York,29,1483,36.84351,-76.28882,53,True,True,"television,desktop computer",True,2023-11-17,17:41:04,Happy,2023-11-17 17:41:04,17,17,11,5
2023-11-19 13:36:11,New York,29,1356,40.86786,-73.92695,67,False,False,,True,2023-11-19,13:36:11,Very Sad,2023-11-19 13:36:11,13,19,11,7
2023-11-20 11:09:26,New York,29,1479,43.90933,-69.9615,41,False,True,speaking head in silhouette,False,2023-11-20,11:09:26,Extremely Happy,2023-11-20 11:09:26,11,20,11,1
2023-11-26 20:06:10,New York,29,1494,43.68359,-70.44735,62,True,True,"pistol,collision symbol",False,2023-11-26,20:06:10,Extremely Happy,2023-11-26 20:06:10,20,26,11,7
2023-11-27 08:43:32,New York,29,1496,44.04963,-70.71383,43,False,True,automobile,False,2023-11-27,08:43:32,Neutral,2023-11-27 08:43:32,8,27,11,1
2023-11-27 10:09:29,New York,29,1480,43.76076,-71.68932,64,True,True,fork and knife with plate,False,2023-11-27,10:09:29,Neutral,2023-11-27 10:09:29,10,27,11,1
2023-11-27 10:24:16,New York,29,1497,43.6707,-70.33763,75,True,False,"bus,vertical traffic light,speaking head in silhouette",False,2023-11-27,10:24:16,Neutral,2023-11-27 10:24:16,10,27,11,1
2023-11-27 21:36:57,New York,29,1498,43.80999,-70.31161,51,True,True,,False,2023-11-27,21:36:57,Happy,2023-11-27 21:36:57,21,27,11,1
2023-11-28 11:22:28,New York,29,141,40.9068,-73.78059,74,False,False,tractor,False,2023-11-28,11:22:28,Very Sad,2023-11-28 11:22:28,11,28,11,2
2023-11-28 11:43:33,New York,29,1500,43.68131,-70.44585,48,True,True,wind blowing face,True,2023-11-28,11:43:33,Extremely Happy,2023-11-28 11:43:33,11,28,11,2
2023-11-28 12:00:53,New York,29,141,40.90685,-73.78099,73,False,False,,False,2023-11-28,12:00:53,Very Sad,2023-11-28 12:00:53,12,28,11,2
2023-11-28 14:25:23,New York,29,1501,43.53809,-70.40183,62,True,False,"automobile,delivery truck,bus,wind blowing face",False,2023-11-28,14:25:23,Happy,2023-11-28 14:25:23,14,28,11,2
2023-11-28 17:08:22,New York,29,1502,43.65627,-70.2703,56,True,True,,False,2023-11-28,17:08:22,Neutral,2023-11-28 17:08:22,17,28,11,2
2023-11-28 22:08:14,New York,29,1503,43.65655,-70.24825,62,True,False,ferry,False,2023-11-28,22:08:14,Happy,2023-11-28 22:08:14,22,28,11,2
2023-11-28 22:35:23,New York,29,1479,43.75788,-71.69215,44,False,True,multiple musical notes,False,2023-11-28,22:35:23,Somewhat Sad,2023-11-28 22:35:23,22,28,11,2
2023-11-29 09:07:15,New York,29,1504,43.66246,-70.27488,63,False,True,"bus,woman,speaking head in silhouette,hamburger,dash symbol",False,2023-11-29,09:07:15,Neutral,2023-11-29 09:07:15,9,29,11,3
2023-11-29 10:15:19,New York,29,1498,43.494,-70.45805,68,True,True,"man+personal computer,hot beverage",False,2023-11-29,10:15:19,Neutral,2023-11-29 10:15:19,10,29,11,3
2023-11-29 10:29:50,New York,29,1505,43.6627,-70.27227,52,True,True,,True,2023-11-29,10:29:50,Happy,2023-11-29 10:29:50,10,29,11,3
2023-11-29 10:38:21,New York,29,1505,43.66248,-70.27345,79,True,False,,False,2023-11-29,10:38:21,Somewhat Sad,2023-11-29 10:38:21,10,29,11,3
2023-11-29 13:42:43,New York,29,1506,43.68234,-70.44632,58,True,True,"television,speaker with three sound waves,multiple musical notes,video game,speaking head in silhouette",False,2023-11-29,13:42:43,Neutral,2023-11-29 13:42:43,13,29,11,3
2023-11-29 13:59:17,New York,29,1507,43.731,-70.48024,68,True,True,,False,2023-11-29,13:59:17,Neutral,2023-11-29 13:59:17,13,29,11,3
2023-11-29 14:31:31,New York,29,1508,43.58928,-70.55342,50,False,False,national park,True,2023-11-29,14:31:31,Extremely Happy,2023-11-29 14:31:31,14,29,11,3
2023-11-29 15:37:29,New York,29,1510,43.79038,-70.4082,55,False,True,"automobile,vertical traffic light,high-heeled shoe,man+personal computer",False,2023-11-29,15:37:29,Neutral,2023-11-29 15:37:29,15,29,11,3
2023-11-29 16:14:49,New York,29,1511,43.62733,-70.51382,49,False,True,"delivery truck,automobile,motorway",False,2023-11-29,16:14:49,Neutral,2023-11-29 16:14:49,16,29,11,3
2023-11-29 16:17:08,New York,29,1509,43.59321,-70.36034,67,False,True,,False,2023-11-29,16:17:08,Neutral,2023-11-29 16:17:08,16,29,11,3
2023-11-29 18:13:24,New York,29,1512,43.22376,-70.73555,70,False,True,,False,2023-11-29,18:13:24,Somewhat Sad,2023-11-29 18:13:24,18,29,11,3
2023-11-29 18:26:12,New York,29,1513,43.49217,-70.47191,50,True,False,,False,2023-11-29,18:26:12,Neutral,2023-11-29 18:26:12,18,29,11,3
2023-11-29 19:24:10,New York,29,1514,43.66294,-70.27419,49,True,True,television,False,2023-11-29,19:24:10,Happy,2023-11-29 19:24:10,19,29,11,3
2023-11-29 20:04:22,New York,29,1515,43.66303,-70.27403,57,True,True,,False,2023-11-29,20:04:22,Neutral,2023-11-29 20:04:22,20,29,11,3
2023-11-29 21:30:55,New York,29,1516,43.68198,-70.44833,58,True,True,man+personal computer,True,2023-11-29,21:30:55,Extremely Happy,2023-11-29 21:30:55,21,29,11,3
2023-11-29 22:01:22,New York,29,1518,43.68116,-70.45096,43,True,True,,False,2023-11-29,22:01:22,Neutral,2023-11-29 22:01:22,22,29,11,3
2023-11-29 22:16:44,New York,29,1519,44.0309,-69.46965,36,False,False,"dog,deciduous tree,wind blowing face,rooster,duck,frog face,owl,honeybee,cricket,null,null,mountain",False,2023-11-29,22:16:44,Happy,2023-11-29 22:16:44,22,29,11,3
2023-11-30 00:25:42,New York,29,1520,43.68368,-70.44713,52,False,True,man+personal computer,False,2023-11-30,00:25:42,Neutral,2023-11-30 00:25:42,0,30,11,4
2023-11-30 01:02:23,New York,29,1521,43.68374,-70.44762,47,True,True,,False,2023-11-30,01:02:23,Happy,2023-11-30 01:02:23,1,30,11,4
2023-11-30 01:08:20,New York,29,1522,43.68243,-70.4466,41,False,True,"sleeping accommodation,man+personal computer,sleeping face,null",False,2023-11-30,01:08:20,Neutral,2023-11-30 01:08:20,1,30,11,4
2023-11-30 01:10:45,New York,29,1523,43.68249,-70.44638,51,False,True,"speaking head in silhouette,gear",False,2023-11-30,01:10:45,Neutral,2023-11-30 01:10:45,1,30,11,4
2023-11-30 04:26:32,New York,29,1524,43.72948,-70.27685,50,True,True,,False,2023-11-30,04:26:32,Neutral,2023-11-30 04:26:32,4,30,11,4
2023-11-30 07:06:36,New York,29,1525,43.68245,-70.44635,47,True,True,,True,2023-11-30,07:06:36,Happy,2023-11-30 07:06:36,7,30,11,4
2023-11-30 07:50:17,New York,29,1526,43.46446,-70.65624,44,True,True,,False,2023-11-30,07:50:17,Extremely Happy,2023-11-30 07:50:17,7,30,11,4
2023-11-30 07:58:08,New York,29,1526,43.46446,-70.65624,41,True,True,,False,2023-11-30,07:58:08,Extremely Happy,2023-11-30 07:58:08,7,30,11,4
2023-11-30 08:00:37,New York,29,1526,43.46443,-70.65627,41,True,True,,False,2023-11-30,08:00:37,Extremely Happy,2023-11-30 08:00:37,8,30,11,4
2023-11-30 08:08:25,New York,29,1527,43.66216,-70.27474,67,False,False,"automobile,bus,motorway,vertical traffic light,gear,police car,hammer and wrench",False,2023-11-30,08:08:25,Neutral,2023-11-30 08:08:25,8,30,11,4
2023-11-30 08:24:41,New York,29,1528,43.49542,-70.47683,76,False,True,automobile,False,2023-11-30,08:24:41,Happy,2023-11-30 08:24:41,8,30,11,4
2023-11-30 09:13:55,New York,29,1529,43.68241,-70.44636,44,True,True,sleeping accommodation,False,2023-11-30,09:13:55,Happy,2023-11-30 09:13:55,9,30,11,4
2023-11-30 09:47:39,New York,29,1531,43.63502,-70.31332,46,False,True,"automobile,taxi,bus,airplane departure,racing motorcycle,vertical traffic light,hammer,police officer+male sign,police cars revolving light,fire engine,ambulance,police car,speaker with three sound waves,dancer,woman,film projector,multiple musical notes,video game,man+personal computer,high-heeled shoe,speaking head in silhouette,rolling on the floor laughing,serious face with symbols covering mouth,thunder cloud and rain,deciduous tree,wind blowing face,bird,high voltage sign",True,2023-11-30,09:47:39,Happy,2023-11-30 09:47:39,9,30,11,4
2023-11-30 10:27:36,New York,29,1498,43.68058,-70.44884,58,True,True,,False,2023-11-30,10:27:36,Neutral,2023-11-30 10:27:36,10,30,11,4
2023-11-30 10:27:38,New York,29,1496,43.68023,-70.44914,56,False,True,,False,2023-11-30,10:27:38,Neutral,2023-11-30 10:27:38,10,30,11,4
2023-11-30 10:27:38,New York,29,1522,43.68062,-70.44888,56,False,True,man+personal computer,False,2023-11-30,10:27:38,Very Sad,2023-11-30 10:27:38,10,30,11,4
2023-11-30 10:27:40,New York,29,1510,43.68063,-70.44887,59,False,True,"woman,woman,speaking head in silhouette",False,2023-11-30,10:27:40,Very Sad,2023-11-30 10:27:40,10,30,11,4
2023-11-30 10:27:40,New York,29,1526,43.68058,-70.44882,58,False,True,man+personal computer,False,2023-11-30,10:27:40,Happy,2023-11-30 10:27:40,10,30,11,4
2023-11-30 10:27:40,New York,29,1500,43.68066,-70.44894,60,True,True,speaking head in silhouette,True,2023-11-30,10:27:40,Happy,2023-11-30 10:27:40,10,30,11,4
2023-11-30 10:27:42,New York,29,1513,43.68071,-70.44893,58,False,True,,False,2023-11-30,10:27:42,Neutral,2023-11-30 10:27:42,10,30,11,4
2023-11-30 10:27:51,New York,29,1502,43.68061,-70.44879,58,True,True,,False,2023-11-30,10:27:51,Neutral,2023-11-30 10:27:51,10,30,11,4
2023-11-30 10:28:05,New York,29,1521,43.68066,-70.44893,48,True,True,,False,2023-11-30,10:28:05,Neutral,2023-11-30 10:28:05,10,30,11,4
2023-11-30 10:28:50,New York,29,1511,43.6806,-70.44893,57,False,True,speaking head in silhouette,False,2023-11-30,10:28:50,Neutral,2023-11-30 10:28:50,10,30,11,4
2023-11-30 10:29:05,New York,29,1523,43.68063,-70.44891,59,False,True,,True,2023-11-30,10:29:05,Happy,2023-11-30 10:29:05,10,30,11,4
2023-11-30 10:43:11,New York,29,1535,43.68092,-70.449,63,False,False,,False,2023-11-30,10:43:11,Neutral,2023-11-30 10:43:11,10,30,11,4
2023-11-30 10:43:38,New York,29,1502,43.68121,-70.44981,72,True,False,,False,2023-11-30,10:43:38,Happy,2023-11-30 10:43:38,10,30,11,4
2023-11-30 10:44:52,New York,29,1496,43.68023,-70.44914,61,False,False,,False,2023-11-30,10:44:52,Neutral,2023-11-30 10:44:52,10,30,11,4
2023-11-30 10:45:09,New York,29,1536,43.68189,-70.44876,63,False,False,,False,2023-11-30,10:45:09,Neutral,2023-11-30 10:45:09,10,30,11,4
2023-11-30 10:45:15,New York,29,1527,43.68213,-70.44979,72,True,False,"hammer and wrench,metro",False,2023-11-30,10:45:15,Neutral,2023-11-30 10:45:15,10,30,11,4
2023-11-30 10:45:18,New York,29,1515,43.67974,-70.44704,60,False,False,,False,2023-11-30,10:45:18,Neutral,2023-11-30 10:45:18,10,30,11,4
2023-11-30 10:45:26,New York,29,1528,43.68196,-70.44995,71,False,False,,False,2023-11-30,10:45:26,Neutral,2023-11-30 10:45:26,10,30,11,4
2023-11-30 10:45:28,New York,29,1537,43.67984,-70.44826,62,False,False,,False,2023-11-30,10:45:28,Neutral,2023-11-30 10:45:28,10,30,11,4
2023-11-30 10:45:33,New York,29,1498,43.67989,-70.44829,58,True,False,automobile,False,2023-11-30,10:45:33,Neutral,2023-11-30 10:45:33,10,30,11,4
2023-11-30 10:45:35,New York,29,1534,43.68074,-70.44704,61,True,False,"automobile,multiple musical notes,speaking head in silhouette,deciduous tree",False,2023-11-30,10:45:35,Neutral,2023-11-30 10:45:35,10,30,11,4
2023-11-30 10:45:42,New York,29,1516,43.68203,-70.44825,71,False,False,wind blowing face,True,2023-11-30,10:45:42,Happy,2023-11-30 10:45:42,10,30,11,4
2023-11-30 10:45:50,New York,29,1500,43.68249,-70.4506,59,True,False,,True,2023-11-30,10:45:50,Extremely Happy,2023-11-30 10:45:50,10,30,11,4
2023-11-30 10:45:53,New York,29,1504,43.68034,-70.44835,59,True,False,"railway car,bus",False,2023-11-30,10:45:53,Neutral,2023-11-30 10:45:53,10,30,11,4
2023-11-30 10:46:17,New York,29,1532,43.68287,-70.44771,65,True,False,,False,2023-11-30,10:46:17,Extremely Happy,2023-11-30 10:46:17,10,30,11,4
2023-11-30 10:46:20,New York,29,1513,43.67979,-70.44606,59,False,False,"automobile,airplane",False,2023-11-30,10:46:20,Neutral,2023-11-30 10:46:20,10,30,11,4
2023-11-30 10:46:23,New York,29,1503,43.67917,-70.45183,67,True,False,,False,2023-11-30,10:46:23,Somewhat Sad,2023-11-30 10:46:23,10,30,11,4
2023-11-30 10:46:25,New York,29,1538,43.6801,-70.44863,63,True,False,"automobile,wind blowing face",True,2023-11-30,10:46:25,Extremely Happy,2023-11-30 10:46:25,10,30,11,4
2023-11-30 10:47:17,New York,29,1526,43.68216,-70.44614,64,False,False,,False,2023-11-30,10:47:17,Neutral,2023-11-30 10:47:17,10,30,11,4
2023-11-30 10:47:22,New York,29,1529,43.6819,-70.44529,65,False,False,,False,2023-11-30,10:47:22,Extremely Happy,2023-11-30 10:47:22,10,30,11,4
2023-11-30 10:47:27,New York,29,1525,43.68207,-70.44508,62,False,False,,True,2023-11-30,10:47:27,Extremely Happy,2023-11-30 10:47:27,10,30,11,4
2023-11-30 10:48:18,New York,29,1508,43.68248,-70.45116,80,False,False,,False,2023-11-30,10:48:18,Neutral,2023-11-30 10:48:18,10,30,11,4
2023-11-30 10:48:19,New York,25,1510,43.68455,-70.44936,73,False,False,"airplane,wind blowing face",False,2023-11-30,10:48:19,Neutral,2023-11-30 10:48:19,10,30,11,4
2023-11-30 10:48:48,New York,29,1521,43.6816,-70.45195,69,False,False,"helicopter,automobile,bird",False,2023-11-30,10:48:48,Somewhat Sad,2023-11-30 10:48:48,10,30,11,4
2023-11-30 10:48:57,New York,29,1511,43.68446,-70.44591,70,False,False,"automobile,delivery truck,helicopter",False,2023-11-30,10:48:57,Neutral,2023-11-30 10:48:57,10,30,11,4
2023-11-30 10:50:11,New York,28,1494,43.68396,-70.44536,83,False,False,,False,2023-11-30,10:50:11,Neutral,2023-11-30 10:50:11,10,30,11,4
2023-11-30 10:53:49,New York,29,1501,43.68356,-70.45166,71,False,False,"delivery truck,wind blowing face",False,2023-11-30,10:53:49,Happy,2023-11-30 10:53:49,10,30,11,4
2023-11-30 10:54:45,New York,29,1522,43.684,-70.45128,64,False,False,"factory,soccer ball,deciduous tree,motorway",False,2023-11-30,10:54:45,Neutral,2023-11-30 10:54:45,10,30,11,4
2023-11-30 10:59:10,New York,29,1481,43.6802,-70.44866,67,False,False,railway car,False,2023-11-30,10:59:10,Neutral,2023-11-30 10:59:10,10,30,11,4
2023-12-01 12:31:21,New York,29,1539,44.05576,-71.63309,58,False,False,,False,2023-12-01,12:31:21,Neutral,2023-12-01 12:31:21,12,1,12,5
2023-12-01 14:34:14,New York,29,1539,44.05665,-71.62983,75,True,False,,False,2023-12-01,14:34:14,Happy,2023-12-01 14:34:14,14,1,12,5
2023-12-02 16:45:11,New York,29,1539,43.75978,-71.67969,57,False,True,,False,2023-12-02,16:45:11,Neutral,2023-12-02 16:45:11,16,2,12,6
2023-12-05 09:58:23,New York,29,1529,43.68053,-70.44871,52,False,True,,False,2023-12-05,09:58:23,Neutral,2023-12-05 09:58:23,9,5,12,2
2023-12-05 10:14:15,New York,29,1529,43.68054,-70.44876,51,False,False,,False,2023-12-05,10:14:15,Happy,2023-12-05 10:14:15,10,5,12,2
2023-12-05 13:43:14,New York,29,1507,43.67935,-70.44321,71,True,False,,False,2023-12-05,13:43:14,Neutral,2023-12-05 13:43:14,13,5,12,2
2023-12-05 13:46:00,New York,29,1507,43.67922,-70.44285,71,True,False,,False,2023-12-05,13:46:00,Neutral,2023-12-05 13:46:00,13,5,12,2
2023-12-05 13:47:18,New York,29,1507,43.6794,-70.44322,72,True,False,,False,2023-12-05,13:47:18,Neutral,2023-12-05 13:47:18,13,5,12,2
2023-12-05 15:52:30,New York,29,1537,43.68145,-70.44837,61,True,True,,False,2023-12-05,15:52:30,Neutral,2023-12-05 15:52:30,15,5,12,2
2023-12-05 16:22:26,New York,29,1539,43.74463,-71.7626,70,False,True,,False,2023-12-05,16:22:26,Somewhat Sad,2023-12-05 16:22:26,16,5,12,2
2023-12-05 16:24:25,New York,29,1539,43.74458,-71.76261,79,False,True,,False,2023-12-05,16:24:25,Very Sad,2023-12-05 16:24:25,16,5,12,2
2023-12-08 02:57:16,New York,29,1553,44.09736,-70.19771,41,True,True,"man+personal computer,dog",True,2023-12-08,02:57:16,Extremely Happy,2023-12-08 02:57:16,2,8,12,5
2023-12-08 13:25:20,New York,29,1520,43.68293,-70.44725,62,True,False,"null,speaking head in silhouette",False,2023-12-08,13:25:20,Neutral,2023-12-08 13:25:20,13,8,12,5
2023-12-08 19:07:01,New York,29,1553,44.09728,-70.19762,64,False,False,,False,2023-12-08,19:07:01,Extremely Happy,2023-12-08 19:07:01,19,8,12,5
2023-12-08 19:09:37,New York,29,1553,44.0971,-70.19767,44,False,True,,True,2023-12-08,19:09:37,Extremely Happy,2023-12-08 19:09:37,19,8,12,5
2023-12-08 19:19:02,New York,29,1554,43.68148,-70.44591,67,True,True,"rolling on the floor laughing,man+personal computer,loudly crying face,multiple musical notes,woman",True,2023-12-08,19:19:02,Very Sad,2023-12-08 19:19:02,19,8,12,5
2023-12-08 19:28:58,New York,29,1554,43.68148,-70.44591,74,False,False,"taxi,automobile,helicopter,tractor,police cars revolving light,ambulance,speaking head in silhouette,table tennis paddle and ball,thunder cloud and rain",False,2023-12-08,19:28:58,Very Sad,2023-12-08 19:28:58,19,8,12,5
2023-12-08 19:30:33,New York,29,1554,43.68148,-70.44591,65,False,False,"speaker with three sound waves,microphone,woman,bird,duck,owl,null,null",True,2023-12-08,19:30:33,Neutral,2023-12-08 19:30:33,19,8,12,5
2023-12-09 13:26:00,New York,29,1553,44.0973,-70.19763,63,True,True,,False,2023-12-09,13:26:00,Very Sad,2023-12-09 13:26:00,13,9,12,6
2023-12-10 00:35:29,New York,29,1553,44.10322,-70.17672,79,False,True,,False,2023-12-10,00:35:29,Extremely Happy,2023-12-10 00:35:29,0,10,12,7
2023-12-14 13:58:26,New York,29,1500,43.36854,-70.8288,39,True,True,,True,2023-12-14,13:58:26,Extremely Happy,2023-12-14 13:58:26,13,14,12,4
2023-12-14 14:28:09,New York,29,1533,43.65151,-70.26652,56,False,True,,False,2023-12-14,14:28:09,Happy,2023-12-14 14:28:09,14,14,12,4
2023-12-14 23:08:02,New York,29,1520,43.68096,-70.45101,57,False,False,"automobile,speaker with three sound waves,deciduous tree",False,2023-12-14,23:08:02,Neutral,2023-12-14 23:08:02,23,14,12,4
2023-12-15 21:32:25,New York,26,1537,43.70771,-70.29849,56,False,True,,False,2023-12-15,21:32:25,Neutral,2023-12-15 21:32:25,21,15,12,5
2023-12-16 07:05:16,New York,29,1537,43.67017,-70.28449,69,False,True,,False,2023-12-16,07:05:16,Neutral,2023-12-16 07:05:16,7,16,12,6
2023-12-24 18:31:49,New York,29,1498,43.50664,-70.45672,67,False,True,,False,2023-12-24,18:31:49,Neutral,2023-12-24 18:31:49,18,24,12,7
2023-12-24 18:35:10,New York,29,1498,43.50673,-70.45723,67,False,True,,False,2023-12-24,18:35:10,Neutral,2023-12-24 18:35:10,18,24,12,7
2023-12-28 13:07:43,New York,29,1537,43.73419,-70.29528,63,False,True,,False,2023-12-28,13:07:43,Neutral,2023-12-28 13:07:43,13,28,12,4
2024-01-02 01:39:31,New York,29,242,33.88973,-84.27919,33,False,True,automobile,False,2024-01-02,01:39:31,Happy,2024-01-02 01:39:31,1,2,1,2
2024-01-03 09:43:26,New York,29,281,42.42252,-71.19009,55,True,True,"metro,hammer and wrench,synagogue",False,2024-01-03,09:43:26,Happy,2024-01-03 09:43:26,9,3,1,3
2024-01-03 09:44:36,New York,29,62,42.48003,-76.45111,51,False,True,"office building,desktop computer",False,2024-01-03,09:44:36,Happy,2024-01-03 09:44:36,9,3,1,3
2024-01-05 23:02:16,New York,29,1584,40.77201,-73.98151,49,False,True,,False,2024-01-05,23:02:16,Neutral,2024-01-05 23:02:16,23,5,1,5
