borough,year,month,average_trip_duration,average_trip_distance,total_miles,total_trips,co2_month,noise_month,cost_month
Bronx,2014,1,12.20979597124166,2.7517056804197164,212417.92,77195.0,20673753.06786517,5413190.955056179,2525322.8722880236
Brooklyn,2014,1,14.44056791980208,3.1775148465385548,616924.04,194153.0,60042652.07280899,13614706.438202245,7334279.465105072
EWR,2014,1,16.23095238095238,9.175714285714289,128.46,14.0,12502.477752808989,981.7303370786516,1527.1921322556948
Manhattan,2014,1,12.435306664360784,2.785084759197409,773003.06,277551.0,75233174.22157304,19462874.056179773,9189819.332411464
Queens,2014,1,12.481007803097397,2.7882414077934468,654857.53,234864.0,63734560.95348315,16469508.134831458,7785250.409188832
Staten Island,2014,1,11.49976076555024,3.4519138755980863,721.45,209.0,70215.72921348315,14655.831460674155,8576.932615723734
Unknown,2014,1,321.09615716753024,3.956411917098445,6108.7,1544.0,594534.3752808989,108270.83146067415,72623.06226304188
Bronx,2014,2,12.888192377980326,2.713891868386723,318293.38,117283.0,30978171.433258425,8224305.6516853925,3771530.9923468037
Brooklyn,2014,2,15.560832533209869,3.1963731826444683,842247.53,263501.0,81972450.61640449,18477637.53932584,9979983.443647318
EWR,2014,2,13.10701754385965,6.8500000000000005,130.15,19.0,12666.958426966292,1332.3483146067415,1542.1770903747245
Manhattan,2014,2,13.064907738187692,2.7287598707713334,878415.09,321910.0,85492488.87168539,22573486.629213482,10408541.126680382
Queens,2014,2,12.89825550809366,2.7720802086265066,778103.51,280693.0,75729579.81595506,19683202.393258426,9219926.293216752
Staten Island,2014,2,13.119729514717582,3.5787589498806684,1499.5,419.0,145940.1011235955,29381.78651685393,17767.918148420278
Unknown,2014,2,357.59074550128537,4.128622107969152,8030.17,1945.0,781543.062247191,136390.39325842695,95151.31929169728
Bronx,2014,3,13.628334989254643,2.762956726062268,380981.34,137889.0,37079329.96719101,9669272.460674156,4658833.535356356
Brooklyn,2014,3,17.00471710716648,3.2764372861304745,1185369.14,361786.0,115367050.45707864,25369735.123595502,14495296.544467302
EWR,2014,3,10.916666666666668,8.701428571428572,121.82,14.0,11856.23415730337,981.7303370786516,1489.6768993387216
Manhattan,2014,3,14.072933088325955,2.799076377868197,1172910.97,419035.0,114154548.56337078,29384240.842696626,14342951.707354886
Queens,2014,3,14.087717682295237,2.846473546817164,996630.09,350128.0,96997863.36606741,24552234.24719101,12187299.476759735
Staten Island,2014,3,19.23132854578097,3.8203052064631953,2127.91,557.0,207100.63393258426,39058.84269662921,26021.16541513593
Unknown,2014,3,372.147579500284,4.006482112436116,9407.22,2348.0,915565.6139325842,164650.202247191,115036.2692578986
Bronx,2014,4,15.082121671695088,2.822310627450348,349859.27,123962.0,34050348.277977526,8692661.146067414,4345748.260065026
Brooklyn,2014,4,17.79542084380261,3.33458861450217,1313861.26,394010.0,127872654.31595506,27629397.865168538,16320020.002933871
EWR,2014,4,8.284090909090908,5.990909090909091,131.8,22.0,12827.546067415731,1542.7191011235955,1637.142902277737
Manhattan,2014,4,14.469683819609411,2.805259271710622,1134831.17,404537.0,110448399.93865167,28367588.955056176,14096212.40704886
Queens,2014,4,15.11949546221967,2.9051574321668943,1057102.54,363871.0,102883395.5222472,25515942.820224717,13130712.597426157
Staten Island,2014,4,23.18991981672394,3.7037113402061856,1077.78,291.0,104895.84674157303,20405.966292134828,13387.555972814107
Unknown,2014,4,294.3263475036419,4.171458085021851,10499.56,2517.0,1021878.5249438201,176501.08988764044,130419.42436296839
Bronx,2014,5,15.730363959354792,2.894017736090386,339395.93,117275.0,33031994.895056177,8223744.662921348,4283470.896113153
Brooklyn,2014,5,18.545001674572543,3.4304478003997083,1567141.76,456833.0,152523392.41707864,32034772.505617972,19778687.738074947
EWR,2014,5,165.9604938271605,11.48148148148148,310.0,27.0,30171.011235955055,1893.3370786516853,3912.468772961058
Manhattan,2014,5,15.340772703299034,2.9046771573556533,1240982.65,427236.0,120779682.18314606,29959324.4494382,15662276.986811167
Queens,2014,5,15.939841637018132,3.053145317626944,1214281.69,397715.0,118180988.75033706,27889205.786516853,15325287.721623806
Staten Island,2014,5,21.849676375404528,7.243009708737864,746.03,103.0,72607.99842696628,7222.730337078651,9415.54541513593
Unknown,2014,5,300.74076730418943,4.228148907103825,12380.02,2928.0,1204895.8791011237,205321.88764044942,156246.58599559148
Bronx,2014,6,15.908487313334426,2.9570985825799165,306470.74,103639.0,29827523.032359548,7267539.314606741,3864920.2914041146
Brooklyn,2014,6,18.40611634963231,3.4639360604480336,1547676.24,446797.0,150628894.27955055,31331012.101123594,19517834.898365907
EWR,2014,6,109.68928571428572,10.94,153.16,14.0,14906.426067415729,981.7303370786516,1931.5096502571637
Manhattan,2014,6,14.826561406280794,2.905769995310812,1140200.9,392392.0,110971013.43595505,27515937.887640446,14379139.733493753
Queens,2014,6,15.603477407012376,3.02629972386398,1132111.49,374091.0,110183704.7907865,26232605.96629213,14277123.714429464
Staten Island,2014,6,25.5715,9.0597,905.97,100.0,88174.29370786517,7012.359550561797,11425.240257531226
Unknown,2014,6,314.75311942959,4.471386809269162,12542.24,2805.0,1220684.0773033707,196696.6853932584,158170.9166612785
Bronx,2014,7,15.344037970138432,2.961016116043883,283129.4,95619.0,27555807.44719101,6705148.078651684,3557601.0027112425
Brooklyn,2014,7,17.559913679321028,3.428073341244757,1458799.47,425545.0,141978887.74314606,29840745.4494382,18330228.00608707
EWR,2014,7,22.13205128205129,15.599230769230768,202.79,13.0,19736.707640449436,911.6067415730336,2548.11371528288
Manhattan,2014,7,14.259611390542894,2.8844632916975548,1085593.72,376359.0,105656323.62516853,26391646.280898873,13640792.18480676
Queens,2014,7,14.97102162818455,3.022563924839206,1077108.79,356356.0,104830520.66269663,24988963.999999996,13534176.639137767
Staten Island,2014,7,48.28333333333333,10.013333333333332,600.8,60.0,58473.36629213482,4207.4157303370785,7549.221954445262
Unknown,2014,7,265.4363012867201,4.248903860160233,11667.49,2746.0,1135548.2964044942,192559.39325842695,146605.31235231447
Bronx,2014,8,15.912869831870571,3.0062049275668814,284296.8,94570.0,27669425.635955054,6631588.426966292,3436555.0695958855
Brooklyn,2014,8,16.727381844662677,3.4309153046188965,1611281.34,469636.0,156819314.23685393,32932564.898876403,19477029.13828876
EWR,2014,8,2.33030303030303,5.499090909090909,120.98,22.0,11774.480449438202,1542.7191011235955,1462.3957509184424
Manhattan,2014,8,13.963546870981068,2.913446792258708,1121376.93,384897.0,109138954.69280897,26990361.53932584,13555107.105389051
Queens,2014,8,15.091579906113322,3.162033537318618,1183264.57,374210.0,115162221.4083146,26240950.6741573,14303199.531991553
Staten Island,2014,8,14.78523592085236,5.125799086757991,1122.55,219.0,109253.12471910112,15357.067415730335,13569.287073842763
Unknown,2014,8,106.40555014605648,4.341616358325219,8917.68,2054.0,867920.7208988764,144033.8651685393,107796.14266862601
Bronx,2014,9,15.911196603374814,2.9948505703035977,265454.57,88637.0,25835589.72292135,6215545.13483146,3115053.7914757533
Brooklyn,2014,9,16.70408859741621,3.3794227101159926,1592799.65,471323.0,155020568.18314606,33050863.40449438,18691170.352779206
EWR,2014,9,147.81410256410257,9.10923076923077,118.42,13.0,11525.32629213483,911.6067415730336,1389.633902277737
Manhattan,2014,9,13.853953147332986,2.8260307017000623,1140843.16,403691.0,111033521.93168537,28308264.393258423,13387555.584509918
Queens,2014,9,14.579053762758308,3.061982824059013,1157695.9,378087.0,112673729.05393258,26512819.85393258,13585318.959364437
Staten Island,2014,9,38.289550264550265,5.87047619047619,1479.36,252.0,143979.9586516854,17671.146067415728,17359.979814842027
Unknown,2014,9,32.20759623259623,3.9322113022113023,6401.64,1628.0,623045.0076404494,114161.21348314606,75121.90486554005
Bronx,2014,10,14.424028434992582,2.8282383515067515,261190.64,92351.0,25420599.14247191,6475984.168539325,2937770.989801617
Brooklyn,2014,10,16.556498053411563,3.300647168376246,1731496.4,524593.0,168519346.25617975,36786347.337078646,19475199.77310801
EWR,2014,10,9.79404761904762,7.933571428571429,111.07,14.0,10809.981348314606,981.7303370786516,1249.2722703894194
Manhattan,2014,10,13.999968712594107,2.791062594434548,1280123.65,458651.0,124589112.99213481,32162257.202247187,14398334.191182954
Queens,2014,10,14.17367598270921,2.905248436290289,1140763.23,392656.0,111025742.67707865,27534450.51685393,12830862.251903014
Staten Island,2014,10,16.948342541436464,5.412430939226519,979.65,181.0,95345.2617977528,12692.370786516853,11018.72314474651
Unknown,2014,10,29.208833522083808,4.180713476783692,7383.14,1766.0,718570.322247191,123838.26966292133,83042.69443056577
Bronx,2014,11,13.339954919463064,2.824930760180898,261727.01,92649.0,25472801.8047191,6496880.999999999,2754681.587873255
Brooklyn,2014,11,16.26710165445406,3.227377557631101,1828280.34,566491.0,177938924.77617976,39724385.74157303,19242684.161900807
EWR,2014,11,5.064102564102565,4.423076923076923,57.5,13.0,5596.23595505618,911.6067415730336,605.1885562086701
Manhattan,2014,11,13.261628510402304,2.7638175270108043,1240918.14,448987.0,120773403.6930337,31484582.775280897,13060686.21773475
Queens,2014,11,13.380307905169165,2.808806398163133,1164584.5,414619.0,113344167.85393257,29074575.044943817,12257273.254573843
Staten Island,2014,11,19.574186046511628,5.079162790697675,1092.02,215.0,106281.76674157302,15076.573033707864,11493.530559147686
Unknown,2014,11,13.802045328911,3.702587064676617,6697.9800000000005,1809.0,651886.5478651685,126853.58426966291,70496.36253416605
Bronx,2014,12,13.475367274062208,2.801221165398478,279785.97,99880.0,27230405.304943815,7003944.719101123,2686777.885973916
Brooklyn,2014,12,16.096206566676923,3.202549755154467,1914894.17,597928.0,186368688.77011234,41928861.21348314,18388682.284306023
EWR,2014,12,11.27543859649123,14.721052631578948,279.7,19.0,27222.03820224719,1332.3483146067415,2685.95231814842
Manhattan,2014,12,13.208827766283244,2.717468500416827,1258247.7,463022.0,122460017.7235955,32468767.438202243,12082922.15452241
Queens,2014,12,13.346717046155645,2.72998175386334,1246332.22,456535.0,121300333.59146066,32013875.6741573,11968498.08899559
Staten Island,2014,12,15.08542857142857,3.930257142857143,1375.59,350.0,133880.45595505615,24543.25842696629,13209.757416238059
Unknown,2014,12,17.70088816385717,3.48994562262099,6418.01,1839.0,624638.2316853933,128957.29213483144,61631.99441329904
Bronx,2015,1,13.067909907851648,2.769404386566141,242433.66,87540.0,23595060.25752809,6138619.550561797,1991197.9610168992
Brooklyn,2015,1,14.970981175960558,3.051936612169032,1722412.31,564367.0,167635229.54179776,39575443.2247191,14146813.935418075
EWR,2015,1,15.310256410256413,14.640769230769232,190.33,13.0,18524.02764044944,911.6067415730336,1563.251191770757
Manhattan,2015,1,12.495766998662177,2.61150850606706,1114625.78,426813.0,108481893.32988764,29929662.168539323,9154836.751764879
Queens,2015,1,12.636540039748065,2.695255396145822,1090360.18,404548.0,106120223.3613483,28368360.314606737,8955534.339538574
Staten Island,2015,1,28.600797872340426,5.324893617021277,1001.08,188.0,97430.95460674158,13183.235955056178,8222.242962527554
Unknown,2015,1,14.4267658315936,3.8592379958246346,7394.3,1916.0,719656.4786516854,134356.80898876404,60732.14042615724
Bronx,2015,2,13.853029792065378,2.7261761556685298,323354.48,118611.0,31470747.255730335,8317429.786516853,2546933.279444526
Brooklyn,2015,2,15.91079003790006,3.079322779243624,1743592.62,566226.0,169696621.0611236,39705802.98876404,13733578.299802354
EWR,2015,2,21.548717948717947,14.984615384615385,194.8,13.0,18959.07415730337,911.6067415730336,1534.3613078618666
Manhattan,2015,2,13.408125962166276,2.6090020576131687,1161465.1,445176.0,113040569.62022473,31217341.752808984,9148393.7878435
Queens,2015,2,13.346470687511736,2.682985350292733,1128707.79,420691.0,109852436.82,29500365.51685393,8890377.622475753
Staten Island,2015,2,16.64326797385621,4.397882352941177,1121.46,255.0,109147.03955056179,17881.516853932582,8833.289693607643
Unknown,2015,2,12.857761732851984,3.698731304796287,7171.84,1939.0,698005.3716853933,135969.65168539324,56489.70124320353
Bronx,2015,3,14.715358850719298,2.7855513043217828,372027.09,133556.0,36207850.04022472,9365426.921348313,3116417.0833071275
Brooklyn,2015,3,16.32959239456027,3.1179060060850365,1942979.25,623168.0,189102092.8483146,43698780.76404494,16276055.937784716
EWR,2015,3,27.23809523809524,12.534285714285716,87.74000000000001,7.0,8539.369438202248,490.8651685393258,734.9852799412198
Manhattan,2015,3,13.567983530135429,2.647097896515618,1276682.08,482295.0,124254159.2916854,33820259.49438202,10694580.988884645
Queens,2015,3,13.726124031348483,2.7006272774024533,1228823.22,455014.0,119596255.41168539,31907217.685393255,10293674.246067597
Staten Island,2015,3,26.7982905982906,5.873479853479854,1603.46,273.0,156058.09573033708,19143.741573033705,13431.952324761205
Unknown,2015,3,17.170886879263843,4.207163255592575,8839.25,2101.0,860287.4550561798,147329.67415730335,74045.1177994122
Bronx,2015,4,15.101412899940446,2.9383063325881875,340435.11,115861.0,33133133.96426966,8124589.898876403,2888508.1127865543
Brooklyn,2015,4,16.56509045723795,3.1977287203099887,1945939.44,608538.0,189390195.83460674,42672872.561797746,16510817.169919178
EWR,2015,4,3.4296296296296296,10.143333333333334,91.29,9.0,8884.876179775281,631.1123595505617,774.5731796473183
Manhattan,2015,4,13.57268321465278,2.681612653025664,1261942.78,470591.0,122819644.49842696,32999532.932584267,10707273.870495958
Queens,2015,4,13.701224661461278,2.80438884236732,1239119.21,441850.0,120598321.31483145,30984110.6741573,10513621.496897502
Staten Island,2015,4,26.571991701244816,6.825020746887967,1644.83,241.0,160084.4658426966,16899.786516853932,13955.977687362232
Unknown,2015,4,21.691868540051683,4.8575678294573645,10026.02,2064.0,975790.8453932584,144735.1011235955,85068.31186994858
Bronx,2015,5,15.447515207240938,2.971851541985239,358764.89,120721.0,34917095.24921348,8465390.573033707,3276293.1690495964
Brooklyn,2015,5,16.957831729970337,3.2953306756246903,2174809.5,659967.0,211665167.29213482,46279258.955056176,19860676.748034537
EWR,2015,5,22.83,12.425,124.25,10.0,12092.73595505618,701.2359550561797,1134.6690760470242
Manhattan,2015,5,14.118459232079749,2.764412578264849,1365166.45,493836.0,132865975.16741572,34629555.91011236,12466898.627540411
Queens,2015,5,14.14800146275624,2.9096468498351813,1406994.65,483562.0,136936939.98089886,33909106.089887634,12848879.835159808
Staten Island,2015,5,26.376148148148147,5.7340888888888895,1290.17,225.0,125566.88247191011,15777.808988764044,11782.020135562088
Unknown,2015,5,22.025345548055288,5.136562198649951,10653.23,2074.0,1036834.5871910112,145436.33707865168,97286.8462053637
Bronx,2015,6,15.313227935696796,2.9769123752982507,316904.23,106454.0,30842971.238876402,7464937.235955056,2983125.9278886844
Brooklyn,2015,6,16.509327461345347,3.180607520198881,1903746.27,598548.0,185283710.0083146,41972337.84269662,17920602.884216383
EWR,2015,6,11.35,8.62375,137.98,16.0,13429.019775280898,1121.9775280898875,1298.852071271124
Manhattan,2015,6,13.749523850295867,2.69750409445569,1228696.93,455494.0,119583964.13101122,31940877.011235952,11566136.777032696
Queens,2015,6,14.050589707354412,2.8138377053524115,1274330.82,452880.0,124025320.93078652,31757573.932584267,11995703.906664953
Staten Island,2015,6,38.84896907216495,6.467628865979382,1254.72,194.0,122116.68134831461,13603.977528089887,11811.100673034533
Unknown,2015,6,20.96402784940691,4.502686952037132,8730.71,1939.0,849723.7080898875,135969.65168539324,82185.10484974281
Bronx,2015,7,14.489622937613124,3.051655036042728,291680.24,95581.0,28388025.155955054,6702483.382022471,2749498.814874357
Brooklyn,2015,7,15.937318321781866,3.255802818058139,1823581.67,560102.0,177481622.75887638,39276366.089887634,17189836.515807863
EWR,2015,7,19.00925925925926,11.957777777777778,107.62,9.0,10474.207191011235,631.1123595505617,1014.4707178545189
Manhattan,2015,7,13.008089664999046,2.721445310597398,1173359.31,431153.0,114198183.63168539,30233998.573033705,11060571.097537475
Queens,2015,7,13.451541137069952,2.876915537491852,1240143.35,431067.0,120697996.60337079,30227967.943820223,11690105.133962162
Staten Island,2015,7,16.591256830601093,5.688360655737705,1040.97,183.0,101313.2824719101,12832.617977528089,9812.614599191773
Unknown,2015,7,18.27910241202056,4.598303677342823,7752.74,1686.0,754541.9537078651,118228.3820224719,73080.53998457018
Bronx,2015,8,14.939164566119205,3.167694672710215,280242.78,88469.0,27274864.72314607,6203764.370786516,2463006.6401528292
Brooklyn,2015,8,15.60116176015939,3.269720208855759,1903696.5,582220.0,185278866.1011236,40827359.77528089,16731268.225128582
EWR,2015,8,14.803703703703702,12.76,114.84,9.0,11176.8997752809,631.1123595505617,1009.3094371785453
Manhattan,2015,8,12.783351272734278,2.7572997950814737,1145070.76,415287.0,111444976.66426966,29121417.60674157,10063834.241598824
Queens,2015,8,13.451940378802716,2.973826771021852,1260334.55,423809.0,122663122.15842697,29719010.887640446,11076868.297781045
Staten Island,2015,8,19.74972222222222,6.396888888888889,1151.44,180.0,112064.86831460675,12622.247191011234,10119.812420279208
Unknown,2015,8,21.040522676428715,5.724240390482001,9382.03,1639.0,913113.9759550563,114932.57303370786,82457.0830624541
Bronx,2015,9,20.321540048748208,3.0777140954659234,249593.38,81097.0,24291886.04,5686813.224719101,1992877.5173563557
Brooklyn,2015,9,22.412212717838457,3.213822648910911,1805673.4,561846.0,175738685.28988764,39398661.640449435,14417393.292035269
EWR,2015,9,8.505128205128205,8.974615384615385,116.67,13.0,11355.00606741573,911.6067415730336,931.5512292432035
Manhattan,2015,9,17.982344737959966,2.705310256125327,1144229.91,422957.0,111363140.22943819,29659265.58426966,9136099.933121968
Queens,2015,9,20.037304157588693,3.0234065145009863,1229504.54,406662.0,119662565.45483147,28516601.595505614,9816974.934405584
Staten Island,2015,9,19.382456140350875,6.719078947368421,510.65,76.0,49699.441573033706,5329.393258426966,4077.2832365907416
Unknown,2015,9,19.676673164392465,4.33929174788824,6678.17,1539.0,649958.5229213483,107920.21348314606,53321.82628434974
Bronx,2015,10,21.797724350836468,2.983808533533231,246787.82,82709.0,24018832.548764046,5799852.460674156,1867191.9315841296
Brooklyn,2015,10,24.396363874069227,3.1225371759611256,1942558.48,622109.0,189061141.05348313,43624519.87640449,14697360.34981925
EWR,2015,10,22.642592592592592,12.983333333333333,116.85,9.0,11372.524719101122,631.1123595505617,884.0848677443056
Manhattan,2015,10,20.00058171634212,2.662576508500468,1241005.61,466092.0,120781916.78449439,32684046.87640449,9389424.737584865
Queens,2015,10,21.91348250334414,2.8180544459443326,1227510.7,435588.0,119468513.2966292,30544996.71910112,9287322.50632623
Staten Island,2015,10,12.715503875968992,4.0689534883720935,349.93,86.0,34057.23213483146,6030.629213483146,2647.5636950771495
Unknown,2015,10,17.420858838805415,4.315303283249861,7754.6,1797.0,754722.9797752809,126012.1011235955,58671.15545922117
Bronx,2015,11,21.666911944730085,2.931873105327119,219541.59,74881.0,21367070.253707863,5250924.955056179,1639512.7203835417
Brooklyn,2015,11,25.3074096849952,3.1434477431988057,1817217.71,578097.0,176862244.98898876,40538240.191011235,13570784.247537106
EWR,2015,11,12.193939393939392,5.756363636363637,63.32,11.0,6162.672359550562,771.3595505617977,472.86687435709047
Manhattan,2015,11,20.02528646746033,2.65549870549796,1174407.58,442255.0,114300207.39280899,31012510.730337076,8770348.098166054
Queens,2015,11,22.46138945960732,2.773373436265272,1140619.16,411275.0,111011720.94292134,28840081.741573032,8518019.8518795
Staten Island,2015,11,35.40441919191919,4.731212121212121,624.52,132.0,60781.93528089887,9256.314606741573,4663.847447465099
Unknown,2015,11,19.187135539795115,4.704338061465721,7959.74,1692.0,774688.4031460674,118649.1235955056,59442.472749448934
Bronx,2015,12,21.88119967793881,2.973121144555927,240020.07,80730.0,23360155.57685393,5661077.865168539,1744572.0348747247
Brooklyn,2015,12,23.43847725567816,3.118250790810885,1885790.23,604759.0,183536123.2838202,42407875.49438202,13706757.517810801
EWR,2015,12,15.50897435897436,7.716153846153846,100.31,13.0,9762.755280898877,911.6067415730336,729.0974493019838
Manhattan,2015,12,19.26633260877353,2.636460192713897,1201985.93,455909.0,116984293.54674156,31969978.303370785,8736565.403846804
Queens,2015,12,21.77254996302939,2.746469344513366,1215845.5,442694.0,118333187.8764045,31043294.98876404,8837302.888997061
Staten Island,2015,12,28.42871376811594,7.342010869565217,1350.93,184.0,131480.4006741573,12902.741573033707,9819.156785819252
Unknown,2015,12,17.487313296903462,5.172420765027323,9465.53,1830.0,921240.6838202247,128326.17977528089,68799.6588504776
Bronx,2016,1,21.575626244112023,2.9536606456571866,199821.05,67652.0,19447752.079775278,4744001.483146067,1376599.6605124907
Brooklyn,2016,1,23.625829595138395,3.0111307817711053,1695585.81,563106.0,165024317.82269663,39487017.37078651,11681165.975335415
EWR,2016,1,2.6583333333333337,6.6425,26.57,4.0,2585.947640449438,280.4943820224719,183.04504445260838
Manhattan,2016,1,19.064625305495543,2.5463026346363966,1030065.99,404534.0,100252040.50988764,28367378.58426966,7096291.86784607
Queens,2016,1,21.318949486915287,2.705958944614741,1047836.6,387233.0,101981580.10337079,27154170.258426964,7218716.485738427
Staten Island,2016,1,36.72900976290098,7.480251046025105,1787.78,239.0,173997.19505617977,16759.539325842696,12316.306720793535
Unknown,2016,1,19.30317170663886,4.648138686131387,8915.13,1918.0,867672.5399999999,134497.05617977527,61417.77821418074
Bronx,2016,2,21.71016286040158,2.908969390732341,219342.11,75402.0,21347655.69460674,5287459.348314607,1394184.2212990448
Brooklyn,2016,2,23.42272205095184,2.995260087691208,1730388.71,577709.0,168411539.39348313,40511032.23595505,10998711.721137399
EWR,2016,2,27.716666666666665,28.4825,113.93,4.0,11088.333258426966,280.4943820224719,724.1628537839824
Manhattan,2016,2,18.842591990070435,2.5310313748350595,1120193.99,442584.0,109023824.06044944,31035581.393258423,7120186.751426891
Queens,2016,2,21.0308792471148,2.6597275035389973,1046530.96,393473.0,101854507.59011236,27591741.49438202,6651969.1614753865
Staten Island,2016,2,45.182767295597486,9.093509433962264,2409.78,265.0,234533.86921348315,18582.752808988764,15317.06452902278
Unknown,2016,2,17.33356871678056,4.281157175398633,9397.14,2195.0,914584.5694382022,153921.29213483146,59730.1827421014
Bronx,2016,3,21.93901740549041,2.916396723120078,248485.75,85203.0,24184085.016853932,5974740.707865168,1624112.7210966202
Brooklyn,2016,3,23.76700991897178,3.075094165968147,1834293.67,596500.0,178524177.1858427,41828724.719101116,11989016.205854887
EWR,2016,3,112.52435897435898,4.586153846153847,59.620000000000005,13.0,5802.566741573034,911.6067415730336,389.67868552534907
Manhattan,2016,3,18.562936088630856,2.575096852378981,1187812.35,461269.0,115604837.9292135,32345840.775280897,7763588.648084131
Queens,2016,3,21.34824829038202,2.730756165330115,1122362.63,411008.0,109234888.77595504,28821358.741573032,7335806.681334681
Staten Island,2016,3,63.14608843537415,7.674540816326531,1504.21,196.0,146398.5058426966,13744.224719101123,9831.576242101397
Unknown,2016,3,20.42129679869777,4.97517091698318,9169.24,1843.0,892404.0098876404,129237.78651685391,59930.51644526084
Bronx,2016,4,23.26382734149244,3.04932190209077,239188.81,78440.0,23279252.496853933,5500494.831460673,1709593.6715922116
Brooklyn,2016,4,24.078913835271663,3.1073157725463143,1864659.8,600087.0,181479586.3775281,42080258.05617977,13327590.842365908
EWR,2016,4,4.666666666666667,5.6075,44.86,8.0,4366.0373033707865,560.9887640449438,320.63528434974285
Manhattan,2016,4,18.918489301300987,2.59088898515593,1124388.82,433978.0,109432089.42516854,30432097.730337076,8036529.848871418
Queens,2016,4,21.92723586479629,2.787989598335342,1140212.47,408973.0,110972139.49595505,28678657.2247191,8149628.834988244
Staten Island,2016,4,27.24182242990654,5.828598130841121,1247.32,214.0,121396.47011235954,15006.449438202246,8915.17616752388
Unknown,2016,4,18.366769483857706,4.526212214682295,7336.99,1621.0,714078.7346067416,113670.34831460673,52440.87995811903
Bronx,2016,5,24.59010699226439,3.144909958544941,235934.29,75021.0,22962503.595280897,5260742.258426966,1808217.0405084498
Brooklyn,2016,5,26.37963664375731,3.1718284502545973,1923549.02,606448.0,187211029.33977526,42526314.247191004,14742215.369445996
EWR,2016,5,1.2351851851851852,7.25,65.25,9.0,6350.511235955056,631.1123595505617,500.08060249816316
Manhattan,2016,5,20.71635346510607,2.656437815848225,1137518.55,428212.0,110709951.46179776,30027765.07865168,8718022.403629685
Queens,2016,5,23.17267449458399,2.852528769075617,1156863.01,405557.0,112592667.33280899,28439115.02247191,8866279.709557679
Staten Island,2016,5,30.50027322404372,6.001844262295082,1464.45,244.0,142528.83033707866,17110.157303370786,11223.64809698751
Unknown,2016,5,18.477096705177576,4.4886713735558414,6993.35,1558.0,680633.6820224719,109252.5617977528,53597.527685525354
Bronx,2016,6,24.639894822127864,3.15659679815151,210384.02,66649.0,20475802.036404494,4673667.516853932,1640601.1758008816
Brooklyn,2016,6,25.90861050419005,3.139082833199657,1702497.27,542355.0,165696981.49146068,38031882.640449435,13276288.869087068
EWR,2016,6,4.661111111111111,6.88,61.92,9.0,6026.41617977528,631.1123595505617,482.85998530492293
Manhattan,2016,6,20.58827919910072,2.618902025913436,1032868.77,394390.0,100524823.43528089,27656044.83146067,8054441.200001838
Queens,2016,6,23.398617475799583,2.863423084199573,1089738.65,380572.0,106059732.43033707,26687076.988764044,8497919.711324392
Staten Island,2016,6,41.85179677819083,7.037434944237918,1893.07,269.0,184244.63303370785,18863.247191011233,14762.399101763409
Unknown,2016,6,22.013970773494584,4.868715041572185,6441.31,1323.0,626905.9238202247,92773.51685393257,50230.14941770757
Bronx,2016,7,24.194088096498568,3.246856225558004,190126.16,58557.0,18504188.740674157,4106227.3820224716,1455275.3603908892
Brooklyn,2016,7,24.530474603365523,3.162610822912261,1630205.7,515462.0,158661143.5213483,36146048.78651685,12478020.844573842
EWR,2016,7,8.868518518518519,14.284444444444444,128.56,9.0,12512.210337078652,631.1123595505617,984.0318677443057
Manhattan,2016,7,19.757923838389832,2.6458916306900764,981210.39,370843.0,95497128.0694382,26004844.528089885,7510440.982590375
Queens,2016,7,22.628386010925382,2.8944541169221707,1061659.72,366791.0,103326926.9060674,25720703.71910112,8126221.197732549
Staten Island,2016,7,36.02181818181818,9.498945454545456,2612.21,275.0,254235.53955056178,19283.98876404494,19994.53862196914
Unknown,2016,7,22.577805486284287,5.179866999168745,6231.38,1203.0,606474.3096629214,84358.68539325842,47696.612476855254
Bronx,2016,8,22.61229227945798,3.262420431405084,173025.73,53036.0,16839874.980449438,3719075.0112359547,1284217.054808964
Brooklyn,2016,8,23.568161893261887,3.1698479302667826,1512074.52,477018.0,147163926.87910113,33450217.280898873,11222792.625848642
EWR,2016,8,26.697222222222223,18.118333333333336,108.71,6.0,10580.29235955056,420.7415730337078,806.8582402645113
Manhattan,2016,8,19.04472300756548,2.615604882591184,932546.84,356532.0,90760907.05707864,25001305.752808988,6921470.906877296
Queens,2016,8,22.39188347276271,2.904859374954248,992041.43,341511.0,96551268.1647191,23947979.2247191,7363046.660650258
Staten Island,2016,8,36.986626746506985,6.911497005988024,1154.22,167.0,112335.43415730337,11710.6404494382,8566.754834680383
Unknown,2016,8,19.136131386861315,5.056815693430657,5542.27,1096.0,539406.0982022472,76855.4606741573,41135.37134827334
Bronx,2016,9,22.8923559139577,3.1618696215505406,163503.44,51711.0,15913110.081797753,3626161.247191011,1211937.7136193975
Brooklyn,2016,9,24.77381249753656,3.0459162281738994,1236447.05,405936.0,120338251.09101124,28465691.865168538,9164925.281012123
EWR,2016,9,13.950000000000005,10.48,31.44,3.0,3059.9244943820227,210.3707865168539,233.0429360764144
Manhattan,2016,9,20.3239058537278,2.5795648191711185,926597.74,359207.0,90181905.88629213,25188886.370786514,6868227.032168259
Queens,2016,9,22.95939928592832,2.924909511983301,959852.93,328165.0,93418495.27707866,23012109.71910112,7114724.714018737
Staten Island,2016,9,21.51885521885522,6.241666666666666,1235.85,198.0,120280.1426966292,13884.471910112357,9160.49976304188
Unknown,2016,9,20.19072375127421,4.207186544342508,4127.25,981.0,401688.0842696629,68791.24719101124,30592.444590374722
Bronx,2016,10,21.57421350375261,3.078939605552734,145498.37,47256.0,14160751.471235953,3313760.6292134826,1098459.2407556945
Brooklyn,2016,10,23.828001174843028,3.02092365215507,1366239.91,452259.0,132970450.56651685,31714027.17977528,10314609.395477958
EWR,2016,10,6.641666666666667,1.2,2.4,2.0,233.58202247191008,140.24719101123594,18.119118295371052
Manhattan,2016,10,19.3983415670568,2.596179630235687,999534.35,385002.0,97280522.91797753,26997724.51685393,7546117.136640338
Queens,2016,10,21.342889357098112,2.7194299299584306,955118.18,351220.0,92957681.74337079,24628809.213483144,7210791.370616459
Staten Island,2016,10,49.70777153558053,7.935337078651686,1412.49,178.0,137471.7795505618,12481.999999999998,10663.78058376194
Unknown,2016,10,20.927571251548947,4.539330855018587,4884.32,1076.0,475370.55999999994,75452.98876404493,36874.82161351947
Bronx,2016,11,22.166915382908225,2.9973280988130493,130554.62,43557.0,12706338.409438202,3054373.4494382017,996311.131304923
Brooklyn,2016,11,22.3684008179053,2.9065108888566145,1180743.89,406241.0,114916894.10314605,28487079.56179775,9010698.210659074
EWR,2016,11,0.2733333333333333,5.518,27.59,5.0,2685.22,350.61797752808985,210.549608376194
Manhattan,2016,11,17.98320154712763,2.519773104547316,910756.87,361444.0,88640179.86449438,25345752.85393258,6950326.288670831
Queens,2016,11,20.315791167439748,2.591076739274875,830644.79,320579.0,80843204.1683146,22480152.123595502,6338961.045096988
Staten Island,2016,11,17.649891774891778,6.3100000000000005,971.74,154.0,94575.41438202247,10799.033707865168,7415.711360764145
Unknown,2016,11,18.91355311355312,4.152737262737263,4156.89,1001.0,404572.82224719104,70193.71910112358,31722.782224099934
Bronx,2016,12,21.530601972453425,2.9252517101891264,138121.61,47217.0,13442802.087865166,3311025.8089887635,1073928.5005003675
Brooklyn,2016,12,22.443614174999297,2.842164976712368,1213138.33,426836.0,118069710.27483146,29931275.011235952,9432440.20712197
EWR,2016,12,6.147619047619047,8.02142857142857,56.15,7.0,5464.8460674157295,490.8651685393258,436.5796583394563
Manhattan,2016,12,17.839917511521143,2.474906962412021,935695.5,378073.0,91067353.04494381,26511838.123595502,7275255.951910361
Queens,2016,12,21.74739938187908,2.563925921133322,911439.77,355486.0,88706643.6824719,24927956.47191011,7086661.859013226
Staten Island,2016,12,28.278063725490195,8.342941176470587,1134.64,136.0,110429.79415730337,9536.808988764044,8822.09694636297
Unknown,2016,12,17.068466424682395,4.491996370235935,4950.18,1102.0,481780.44,77276.202247191,38488.831578251295
Bronx,2017,1,20.854523692662724,2.9125060060447936,112746.02,38711.0,10973101.407191012,2714554.505617977,913122.6431689934
Brooklyn,2017,1,21.43533031045816,2.794395803476568,1070474.35,383079.0,104184818.19887641,26862876.842696626,8669701.759020941
EWR,2017,1,33.77222222222222,15.703333333333331,47.11,3.0,4585.020449438202,210.3707865168539,381.54080933137396
Manhattan,2017,1,16.653313607404197,2.39618395923308,801727.21,334585.0,78028776.3260674,23462303.202247187,6493136.246367744
Queens,2017,1,20.196401130718105,2.536623696257729,758559.56,299043.0,73827448.41258428,20969970.370786514,6143524.27188391
Staten Island,2017,1,41.46650793650794,6.039142857142857,634.11,105.0,61715.29011235955,7362.977528089887,5135.615423585599
Unknown,2017,1,17.92789661319073,4.008417112299465,3747.87,935.0,364764.6060674157,65565.5617977528,30353.75404518736
Bronx,2017,2,20.984863030739795,2.8622610866599745,111207.43,38853.0,10823356.838876404,2724512.056179775,876299.8405841293
Brooklyn,2017,2,22.01373960026112,2.838203730711002,1021710.77,359985.0,99438861.6824719,25243442.528089885,8050945.740532696
EWR,2017,2,4.45,1.89,9.45,5.0,919.7292134831459,350.61797752808985,74.46475018368847
Manhattan,2017,2,17.28445513164033,2.439586629062436,796668.97,326559.0,77536478.85550562,22899491.2247191,6277646.119592211
Queens,2017,2,20.683785977564387,2.542775515537646,719989.43,283151.0,70073578.00741573,19855566.191011235,5673421.485698016
Staten Island,2017,2,37.84009900990099,7.913267326732673,799.24,101.0,77786.70651685393,7082.483146067415,6297.905495958855
Unknown,2017,2,19.21288047512992,3.797917594654789,3410.53,898.0,331932.7062921348,62970.98876404494,26874.525337986775
Bronx,2017,3,21.360651379195748,2.849013559322034,142878.03,50150.0,13905724.67258427,3516698.314606741,1105772.0218181484
Brooklyn,2017,3,21.48095292818007,2.7747511226111303,1122766.97,404637.0,109274241.507191,28374601.314606737,8689399.640011389
EWR,2017,3,17.633333333333333,18.212,91.06,5.0,8862.491235955056,350.61797752808985,704.7381623806025
Manhattan,2017,3,17.545360336820064,2.417197427396677,874196.37,361657.0,85081898.39258426,25360689.17977528,6765644.007836517
Queens,2017,3,21.005841644065963,2.4939561536153985,814740.56,326686.0,79295311.58112359,22908396.92134831,6305499.286968406
Staten Island,2017,3,20.76982142857143,5.0494642857142855,1413.85,280.0,137604.1426966292,19634.606741573032,10942.170556576046
Unknown,2017,3,17.74020292747838,3.156816367265469,3163.13,1002.0,307854.2928089888,70263.8426966292,24480.325319250554
Bronx,2017,4,22.0943700741771,3.0733049374130736,123743.55,40264.0,12043445.282022472,2823456.449438202,990862.1565595152
Brooklyn,2017,4,21.92867307492736,2.894561124948111,1115679.64,385440.0,108584461.1424719,27028438.65168539,8933675.60668773
EWR,2017,4,4.183333333333334,5.968,29.84,5.0,2904.2031460674157,350.61797752808985,238.94034680382072
Manhattan,2017,4,17.37092325659289,2.4545936076307684,828108.7,337371.0,80596377.0719101,23657667.53932584,6630984.583420279
Queens,2017,4,21.78704370019306,2.653640301398788,806836.68,304049.0,78526059.79955056,21321009.089887638,6460651.344947834
Staten Island,2017,4,39.747906602254425,6.594299516908213,1365.02,207.0,132851.7217977528,14515.58426966292,10930.239684790595
Unknown,2017,4,20.79699391171994,3.7560730593607294,3290.32,876.0,320233.166741573,61428.26966292134,26346.85663188832
Bronx,2017,5,21.012812723223664,3.098688264212782,122909.47,39665.0,11962267.743146067,2781452.4157303367,986192.715092579
Brooklyn,2017,5,22.515474429523657,2.90489231643844,1052610.97,362358.0,102446249.68696629,25409845.820224717,8445868.9020507
EWR,2017,5,2.0866666666666664,13.034,65.17,5.0,6342.725168539326,350.61797752808985,522.906650257164
Manhattan,2017,5,17.699312633867013,2.47192354231489,829409.45,335532.0,80722973.66179775,23528710.24719101,6654959.600907421
Queens,2017,5,21.703545538420983,2.6484006184003266,817132.23,308538.0,79528082.87932584,21635793.91011236,6556450.471174872
Staten Island,2017,5,25.346278317152105,4.787766990291262,986.28,206.0,95990.53213483146,14445.460674157302,7913.64693901543
Unknown,2017,5,17.41120527306968,4.07187570621469,3603.61,885.0,350724.38,62059.3820224719,28914.402853049232
Bronx,2017,6,22.50914720175576,3.1706155614777654,121352.14,38274.0,11810699.288539326,2683910.4943820224,960206.6095958854
Brooklyn,2017,6,22.2841557766468,2.9466696485777493,975005.84,330884.0,94893265.01213482,23202775.775280897,7714796.393063923
EWR,2017,6,0.29,11.644,58.22,5.0,5666.310561797753,350.61797752808985,460.66949301983834
Manhattan,2017,6,17.623508171428202,2.4946061767051093,769620.93,308514.0,74904005.56921348,21634110.943820223,6089675.088295371
Queens,2017,6,21.52772903700496,2.7007851998798555,773294.22,286322.0,75261511.61393258,20077928.11235955,6118740.231579721
Staten Island,2017,6,19.63115942028985,5.123115942028986,706.99,138.0,68808.39752808989,9677.05617977528,5594.1038280675975
Unknown,2017,6,13.413338192419824,3.668177842565597,2516.37,686.0,244907.83078651683,48104.78651685393,19910.939404849374
Bronx,2017,7,23.971889534043967,3.36088135886992,116343.63,34617.0,11323241.832134832,2427468.505617977,901556.2775863337
Brooklyn,2017,7,21.838040009488417,3.010344967185893,951795.82,316175.0,92634330.2566292,22171327.80898876,7375543.435437178
EWR,2017,7,22.23,10.154,50.77,5.0,4941.233033707866,350.61797752808985,393.4208706833211
Manhattan,2017,7,16.883227923922007,2.5270924971988697,717224.23,283814.0,69804452.587191,19902058.13483146,5557829.053412931
Queens,2017,7,21.46128252024192,2.7990401585332694,751433.12,268461.0,73133861.6341573,18825450.573033705,5822916.5320205735
Staten Island,2017,7,21.06172413793104,4.969310344827586,720.55,145.0,70128.13595505618,10167.921348314605,5583.600716385011
Unknown,2017,7,16.6050022737608,3.873178717598909,2839.04,733.0,276311.9604494382,51400.595505617974,21999.952505510653
Bronx,2017,8,16.077194098379834,2.895044159794116,58732.060000000005,17098.0,5716147.232808989,1198973.235955056,467601.70400073484
Brooklyn,2017,8,39.31232568986619,2.979127701312868,445776.81,146996.0,43385603.68786517,10307888.044943819,3549100.711945261
EWR,2017,8,0.1666666666666666,0.01,0.01,1.0,0.9732584269662922,70.12359550561797,0.07961609110947833
Manhattan,2017,8,30.5728190042132,2.472221421259316,227344.4,91590.33333333331,22126485.31235955,6422643.486891383,1810027.2463629683
Queens,2017,8,12.297870896619214,2.7348026463656563,241856.90333333332,84613.33333333333,23538926.928913854,5933391.161048688,1925570.125124296
Staten Island,2017,8,28.91650485436893,6.381941747572816,657.34,103.0,63976.16943820225,7222.730337078651,5233.484132990448
Unknown,2017,8,12.346983879355175,3.39811232449298,2178.19,641.0,211994.1773033708,44949.22471910112,17341.89734937546
Bronx,2017,9,174.27713814554795,1.9826013424198807,29452.7325,8512.0,2866512.010280899,596892.0449438202,265499.82849825494
Brooklyn,2017,9,31.272848031369215,2.8349439615023333,152118.36833333335,49759.16666666666,14805048.387677902,3489291.6760299616,1371261.586813189
Manhattan,2017,9,207.7202144689007,2.139382029670719,114435.86333333334,46403.5,11137566.833632959,3253980.2640449433,1031574.9850731081
Queens,2017,9,15.62409068281432,3.584668297907546,259272.0,87082.33333333333,25233865.88764045,6106526.3183520585,2337191.3466568696
Staten Island,2017,9,36.91684782608696,5.5691304347826085,512.36,92.0,49865.86876404494,6451.3707865168535,4618.637409257899
Unknown,2017,9,17.34736231884058,3.704730434782608,2130.22,575.0,207325.45662921344,40321.06741573034,19202.73593166789
Bronx,2017,10,118.49711725663715,3.925698451327434,26102.162,7233.0,2540414.9128539325,507203.9662921348,221641.10982902275
Brooklyn,2017,10,65.91612741044608,2.8690828661626813,197442.712,64034.0,19216278.329707865,4490294.314606741,1676543.9512379132
EWR,2017,10,6.948148148148148,5.058888888888889,45.53,9.0,4431.245617977528,631.1123595505617,386.60857788390894
Manhattan,2017,10,158.51075327623573,1.991697401877236,120958.21333333332,49023.0,11772360.043745317,3437669.02247191,1027091.6503443544
Queens,2017,10,53.99813911498412,3.104170891344256,100910.77571428572,37723.71428571428,9821226.283563403,2645322.4815409305,856862.9802781043
Staten Island,2017,10,30.84351851851852,5.765303030303031,1141.53,198.0,111100.36921348314,13884.471910112357,9693.06588868479
Unknown,2017,10,13.247538158542593,3.191447562776957,2160.61,677.0,210283.18898876404,47473.674157303365,18346.37292909625
Bronx,2017,11,17.657212452233757,2.9367314386891543,56206.515,16661.5,5470346.43741573,1168364.2865168538,479655.08337068337
Brooklyn,2017,11,22.238223717193573,2.7785074695928635,148128.08833333335,49102.0,14416691.024082398,3443208.7865168536,1264095.2843111686
EWR,2017,11,0.6148148148148148,8.318888888888889,74.87,9.0,7286.7858426966295,631.1123595505617,638.9255069801617
Manhattan,2017,11,56.43937489597389,2.062586638606123,135996.48799999998,55707.2,13235972.79838202,3906389.159550561,1160566.6494313003
Queens,2017,11,126.97766864112668,3.135216858032177,168011.48,64193.0,16351858.873707866,4501443.9662921345,1433776.1458192507
Staten Island,2017,11,39.22516556291391,4.292781456953643,648.21,151.0,63087.58449438203,10588.662921348314,5531.6936407053645
Unknown,2017,11,15.466042345276872,3.9262214983713353,2410.7,614.0,234623.40898876401,43055.88764044944,20572.428471711977
Bronx,2017,12,183.02938099364923,3.0510735342286277,31291.6075,9163.5,3045482.0692696627,642577.5674157303,261920.64117560617
Brooklyn,2017,12,19.16568138995488,3.81995720235434,297757.7733333334,99037.66666666669,28979526.20913858,6944877.277153559,2492326.6376291947
EWR,2017,12,13.003333333333334,8.489999999999998,42.45,5.0,4131.482022471911,350.61797752808985,355.31991182953715
Manhattan,2017,12,100.62689796350418,2.721026138599891,115236.61166666663,47795.16666666666,11215500.339962544,3351568.9344569277,964566.847984325
Queens,2017,12,57.67771125028304,4.974945367728681,142564.948,54875.4,13875253.703101123,3848060.3528089887,1193313.657322557
Staten Island,2017,12,13.251405622489958,4.593132530120482,381.23,83.0,37103.53101123596,5820.258426966291,3191.0155473916243
Unknown,2017,12,20.84910118130457,3.4766563944530047,2256.35,649.0,219601.1651685393,45510.213483146064,18886.3623806025
Bronx,2018,1,14.972985642996193,3.949614307609612,29914.02,8606.0,2911407.2049438204,603483.6629213482,256845.16055400443
Brooklyn,2018,1,14.183653371222343,2.3670357186980144,260528.89,87202.33333333333,25356193.766067415,6114941.149812733,2236930.528929464
EWR,2018,1,17.42777777777778,9.18,27.54,3.0,2680.3537078651684,210.3707865168539,236.46155620867012
Manhattan,2018,1,194.34281670458063,1.806404939506125,101610.85,42931.5,9889361.603370788,3010511.140449438,872442.2555804558
Queens,2018,1,92.07377143539868,9.65881485745303,149891.51499999998,57310.25,14588318.010449436,4018800.789325842,1286985.5083288024
Staten Island,2018,1,35.672051282051285,5.364461538461539,348.69,65.0,33936.54808988764,4558.033707865168,2993.8917950036744
Unknown,2018,1,12.123407544836116,3.1529128014842303,1699.42,539.0,165397.48359550562,37796.61797752808,14591.41241293167
Bronx,2018,2,97.56728334375302,3.0892675976476447,24454.392,6967.2,2380044.3090337077,488565.1146067415,214125.96245642912
Brooklyn,2018,2,132.32532050052708,2.8780990847285643,128112.71166666668,41978.0,12468677.623108616,2943648.292134831,1121772.2235142055
EWR,2018,2,0.4916666666666667,0.32,0.64,2.0,62.2885393258427,140.24719101123594,5.603926524614255
Manhattan,2018,2,22.241335312036703,2.0423643977343966,89115.72142857143,36940.142857142855,8673262.685553772,2590375.6356340284,780309.3048026662
Queens,2018,2,35.99938137812733,5.721786241771961,64297.91111111111,23947.0,6257848.382521847,1679249.7415730336,563001.2024263206
Staten Island,2018,2,26.328651685393258,8.332921348314606,741.63,89.0,72179.76471910112,6240.999999999999,6493.812544452609
Unknown,2018,2,6.2510147601476005,6.773717712177122,963.65,271.5,93788.04831460674,19038.556179775278,8437.849680382073
Bronx,2018,3,188.03028999092763,11.53312957811641,46832.52250000001,10765.5,4558014.717921348,754915.5674157302,403181.22061287664
Brooklyn,2018,3,125.8967249137922,3.539878529181999,179307.484,53866.2,17451251.98211236,3777291.6202247185,1543658.2615028657
EWR,2018,3,6.25,2.265,4.53,2.0,440.88606741573034,140.24719101123594,38.99877332843498
Manhattan,2018,3,93.15617053329268,2.323045290487652,97500.78857142858,39322.0,9489346.411300162,2757400.02247191,839384.3604505091
Queens,2018,3,11.895898251815376,2.918820435752753,97594.68142857144,34156.57142857143,9498484.612744784,2395181.5987158907,840192.6841266402
Staten Island,2018,3,52.383859649122805,12.08042105263158,1147.64,95.0,111695.03011235956,6661.741573033707,9880.033603232918
Unknown,2018,3,15.569758539458189,4.191095406360424,2372.16,566.0,230872.47101123593,39689.95505617977,20421.927182953714
Bronx,2018,4,182.97317303419,4.118325425650928,42209.812,8703.0,4108105.5229662918,610285.6516853932,386156.2014645114
Brooklyn,2018,4,158.24563592339297,4.777761562536224,152062.035,43138.5,14799565.698539326,3025026.7247191006,1391138.5775080826
EWR,2018,4,13.416666666666664,5.453333333333333,16.36,3.0,1592.2507865168539,210.3707865168539,149.6693578251286
Manhattan,2018,4,118.71968176552124,3.850558645846108,93920.49285714285,37377.71428571428,9140891.113804173,2621059.7174959867,859231.0423317938
Queens,2018,4,83.11043940354651,2.0091847845475126,114093.11,37618.66666666666,11104208.076629212,2637956.1647940064,1043780.1042770023
Staten Island,2018,4,36.09245014245014,12.13,1419.21,117.0,138125.80921348315,8204.460674157302,12983.633821454814
Unknown,2018,4,15.940770609318998,3.8636379928315407,2155.91,558.0,209825.75752808986,39128.96629213483,19723.329170462894
Bronx,2018,5,44.31979568075383,2.6547691491843963,80026.83,15716.333333333334,7788678.668089887,1102085.8014981272,778177.1317185893
Brooklyn,2018,5,301.4866036940683,2.316728827261034,185513.754,50226.4,18055282.43986517,3522055.7573033706,1803927.0202514324
Manhattan,2018,5,92.66954794594496,4.64361968975224,133007.52,50639.0,12945068.968988763,3550988.7528089886,1293358.8699015428
Queens,2018,5,144.97930019364293,2.2154041978395416,182987.0825,58673.0,17809372.00691011,4114361.719101123,1779357.785400257
Staten Island,2018,5,67.55353535353535,13.185151515151514,1305.33,99.0,127042.342247191,6942.235955056179,12692.967537839822
Unknown,2018,5,17.26618731563422,4.159314159292036,1880.01,452.0,182973.55752808988,31695.865168539323,18281.128833945626
Bronx,2018,6,376.4249230338651,3.72480010900467,78515.57333333333,15086.666666666666,7641594.339475655,1057931.3108614231,766819.0874964487
Brooklyn,2018,6,189.9699308719332,3.8872991464666007,171208.574,45690.0,16663018.7414382,3203947.0786516853,1672101.4304879499
EWR,2018,6,0.1277777777777777,2.643333333333333,7.93,3.0,771.7939325842696,210.3707865168539,77.44801579720793
Manhattan,2018,6,220.01257072863703,2.5501417061560616,124665.56399999998,47135.6,12133181.07155056,3305317.7483146065,1217541.0554905215
Queens,2018,6,151.47712322506138,2.8298735064655958,119602.72333333331,36713.66666666666,11640435.837228462,2574494.310861422,1168095.032296228
Staten Island,2018,6,47.503900709219856,14.049680851063831,1320.67,94.0,128535.32067415731,6591.617977528089,12898.268729243204
Unknown,2018,6,21.64898785425101,4.640607287449392,2292.46,494.0,223115.6013483146,34641.056179775274,22389.215421748715
Bronx,2018,7,140.6223046049852,4.999354372623574,52939.8125,9863.25,5152411.863764045,691646.5533707865,506302.5969530676
Brooklyn,2018,7,67.16860003667806,4.051600033991607,165090.95399999997,43274.4,16067616.219640445,3034556.5213483144,1578886.9434257895
Manhattan,2018,7,159.43392651419086,3.540192661909125,112913.06600000002,43217.2,10989359.299910113,3030545.4516853928,1079871.1942119766
Queens,2018,7,194.95985844529227,2.285914973767595,110133.37333333334,33991.666666666664,10718823.368689138,2383617.883895131,1053286.9365540044
Staten Island,2018,7,45.35864197530864,15.422814814814814,2082.08,135.0,202640.19056179773,9466.685393258425,19912.471565025717
Unknown,2018,7,18.88723628691983,3.918206751054852,1857.23,474.0,180756.47483146065,33238.58426966292,17762.064649155036
Bronx,2018,8,61.94665045648484,5.029326260494564,48824.848,8720.4,4751919.476134831,611505.802247191,464553.5409081558
Brooklyn,2018,8,87.31893505109923,6.098233561132417,103810.69,25785.75,10103462.88516854,1808189.5028089886,987727.0610984571
EWR,2018,8,0.2583333333333333,9.0,18.0,2.0,1751.8651685393259,140.24719101123594,171.2645113886848
Manhattan,2018,8,35.00274076854498,3.06110676197605,112039.504,42178.4,10904339.14211236,2957701.060674157,1066021.7171550333
Queens,2018,8,160.70803372645983,3.158748450581409,59078.085,17183.166666666668,5749824.407528089,1204945.4288389513,562109.9645168993
Staten Island,2018,8,49.46099290780141,15.722340425531916,2955.8,188.0,287675.7258426966,13183.235955056178,28123.535709037475
Unknown,2018,8,19.51409844836811,3.725216693418941,2320.81,623.0,225874.78898876402,43686.99999999999,22081.799481998532
Bronx,2018,9,277.15519135926445,3.0547518689607465,51659.902,8963.4,5027843.4957752805,628545.8359550561,491021.48512659816
Brooklyn,2018,9,47.47464998282658,3.0954731324869806,124550.31571428572,30815.0,12121964.435024077,2160858.5955056176,1183836.5662214234
EWR,2018,9,0.5666666666666667,1.905,3.81,2.0,370.8114606741573,140.24719101123594,36.21361609110948
Manhattan,2018,9,165.4178850227849,3.720777266519625,80348.30142857143,30116.0,7819966.145778491,2111842.2022471908,763701.4544637871
Queens,2018,9,139.7259694188856,3.6239108568199474,67337.34,18373.272727272728,6553663.360449438,1288399.944841675,640033.7478626011
Staten Island,2018,9,49.2590395480226,16.664745762711863,3932.88,236.0,382770.8602247191,16549.16853932584,37381.57649669361
Unknown,2018,9,21.40536062378168,4.68608187134503,2403.96,513.0,233967.43280898876,35973.40449438202,22849.36602057311
Bronx,2018,10,159.13779412931407,4.920816941427238,103482.12333333334,17586.666666666668,10071484.857453184,1233240.2996254682,983924.1478378644
Brooklyn,2018,10,32.557105383642835,6.597301136801177,251679.3225,59521.75,24494902.151629213,4173879.1207865165,2393006.2018688465
EWR,2018,10,0.1916666666666666,0.195,0.39,2.0,37.95707865168539,140.24719101123594,3.708180749448935
Manhattan,2018,10,96.34367820212746,3.08326177081398,67049.48222222223,24789.88888888889,6525647.359650438,1738356.141073658,637516.9211204181
Queens,2018,10,144.3607240311268,3.044000356082381,103292.43142857142,29769.85714285714,10053022.932969501,2087569.420545746,982120.527659494
Staten Island,2018,10,48.93167388167388,14.292034632034632,3301.46,231.0,321317.37662921345,16198.55056179775,31390.795941219694
Unknown,2018,10,127.520305907173,2.689356540084388,1272.39,237.5,123836.42898876405,16654.35393258427,12098.082317413668
Bronx,2018,11,60.10595407519384,5.280636712153402,48721.755,8161.166666666667,4741885.863033707,572290.3501872659,445571.3680167156
Brooklyn,2018,11,190.65267555377272,4.124516917234223,178684.002,42345.0,17390571.07105618,2969383.651685393,1634105.2413617193
EWR,2018,11,0.0916666666666666,0.0499999999999999,0.0999999999999999,2.0,9.73258426966291,140.24719101123594,0.9145224099926514
Manhattan,2018,11,75.58292030792323,4.243512687552653,68419.20375,25641.5,6658956.661601123,1798074.1741573033,625708.9510322833
Queens,2018,11,64.31067031639292,4.769959547446309,75910.17555555556,22067.555555555555,7388021.805193508,1547456.3395755303,694215.56692032
Staten Island,2018,11,48.299343832021,15.037165354330709,3819.44,254.0,371730.2166292135,17811.393258426964,34929.634736223365
Unknown,2018,11,18.02140562248996,6.003349397590362,2491.39,415.0,242476.63123595502,29101.29213483146,22784.31987031594
Bronx,2018,12,81.73054171841326,3.587954966760419,86589.955,13691.5,8427440.339438202,960097.2078651685,737525.6472070169
Brooklyn,2018,12,76.12539951387822,4.221037538162995,248680.3025,57118.75,24203020.002865165,4005372.1207865165,2118122.1430239715
EWR,2018,12,0.0666666666666666,0.1649999999999999,0.3299999999999999,2.0,32.11752808988763,140.24719101123594,2.8107586333578247
Manhattan,2018,12,57.61070568043227,3.2758331464752994,192592.02,71281.33333333333,18744180.643146064,4998503.38576779,1640392.9785782513
Queens,2018,12,14.499776728618064,2.8697854406000545,125240.89166666666,35166.166666666664,12189175.32153558,2465978.046816479,1066733.0833379256
Staten Island,2018,12,51.1143504531722,15.443383685800605,5111.76,331.0,497506.34966292133,23210.910112359546,43539.16227773696
Unknown,2018,12,30.934874759152216,5.393198458574181,2799.07,519.0,272421.84651685396,36394.14606741573,23840.939902645117
Bronx,2019,1,105.92714813935412,3.357585176526456,115616.36333333334,18252.33333333333,11252459.99093633,1279919.239700374,923894.5219255451
Brooklyn,2019,1,15.317946518156912,3.319934952530716,237936.645,53104.25,23157384.483033706,3723860.946629213,1901360.2966135195
EWR,2019,1,48.05,12.753333333333336,38.260000000000005,3.0,3723.686741573034,210.3707865168539,305.7370374724468
Manhattan,2019,1,74.11283394492182,3.3741079987635465,138651.1825,51563.75,13494343.177696628,3615835.547752809,1107966.591207568
Queens,2019,1,100.95098953986356,3.287400292259761,139383.2,37323.6,13565587.39775281,2617265.029213483,1113816.1694048496
Staten Island,2019,1,49.938148148148144,16.86580952380952,5312.73,315.0,517065.9242696629,22088.93258426966,42454.21670389419
Unknown,2019,1,39.11186961869619,5.216273062730627,2827.22,542.0,275161.568988764,38006.98876404494,22592.41680822924
Bronx,2019,2,14.893607449257166,4.925819855249068,173364.53,27081.5,16872848.975955054,1899052.1516853932,1359287.462221161
Brooklyn,2019,2,16.86633765495581,3.459907023327632,177765.51799999998,38319.0,17301178.841752805,2687066.056179775,1393793.9890740633
EWR,2019,2,10.054166666666664,12.9875,51.95,4.0,5056.077528089888,280.4943820224719,407.3208265980897
Manhattan,2019,2,145.3112502139986,1.8627717646060684,72378.02142857143,26944.85714285714,7044251.928250401,1889470.2632423753,567489.4228261783
Queens,2019,2,231.1760280860053,4.0893455426767495,129835.338,33962.6,12636333.682651686,2381579.624719101,1017991.0913532698
Staten Island,2019,2,47.779356060606055,17.131193181818183,6030.18,352.0,586892.3501123595,24683.505617977527,47280.42160029391
Unknown,2019,2,18.382604633781764,4.39201793721973,1489.365,223.5,144953.70370786518,15672.623595505616,11677.562712343864
Bronx,2019,3,27.86785540177404,6.2395230791182135,349837.58,56068.0,34048237.280449435,3931689.7528089886,2922531.833361499
Brooklyn,2019,3,40.80852751855007,3.207636230735577,149003.35,32782.666666666664,14501876.603370786,2298838.4569288385,1244769.1687454078
EWR,2019,3,34.983333333333334,16.15,16.15,1.0,1571.8123595505615,70.12359550561797,134.91657788390887
Manhattan,2019,3,28.57432587906122,2.718482648459033,133399.6725,49888.75,12983235.541516852,3498378.5252808984,1114416.551364346
Queens,2019,3,45.24830279556247,1.66872843304807,138279.40000000002,35846.8,13458159.132584272,2513706.5033707866,1155181.6371418077
Staten Island,2019,3,52.68855165069223,18.71501597444089,5857.8,313.0,570115.3213483146,21948.685393258424,48935.87182218957
Unknown,2019,3,19.095007680491552,5.787050691244239,2511.58,434.0,244441.63999999998,30433.6404494382,20981.65812270389
Bronx,2019,4,85.73489319874919,3.5131722309083666,125324.335,21747.5,12197296.514269663,1525012.8932584268,1135874.9463328435
Brooklyn,2019,4,464.0851574752362,14.87394096372998,231454.82666666663,56562.0,22526536.051535577,3966330.8089887635,2097786.825028655
Manhattan,2019,4,17.653332002625927,2.6476111495537697,122300.05,46970.25,11902955.428089887,3293722.8117977525,1108464.3914548126
Queens,2019,4,206.95154954907068,3.181581424192491,93049.17333333332,26131.33333333333,9056089.206891384,1832423.0486891381,843349.5758530492
Staten Island,2019,4,48.20014947683109,15.894080717488787,3544.38,223.0,344959.77033707866,15637.561797752807,32124.426930198388
Unknown,2019,4,18.53071364046973,5.880108401084011,2169.76,369.0,211173.7204494382,25875.606741573032,19665.582295371052
Bronx,2019,5,27.172442467440128,5.4498584881119605,209503.46,38442.0,20390100.79235955,2695691.258426966,1984456.4879566494
Brooklyn,2019,5,77.97910352188217,3.8538594413801577,153516.885,38665.0,14941160.200786518,2711328.8202247187,1454141.0363778472
EWR,2019,5,42.9,28.8,28.8,1.0,2802.984269662921,70.12359550561797,272.7990595150625
Manhattan,2019,5,15.011472882831928,2.928604244660508,239416.775,92825.0,23301439.382584266,6509222.752808988,2267801.0781989344
Queens,2019,5,248.7856220578968,3.6041318902112174,105770.39200000002,31334.4,10294192.53375281,2197280.7910112357,1001877.2035465101
Staten Island,2019,5,61.36737726098191,16.960813953488373,4375.89,258.0,425887.1817977528,18091.887640449437,41449.25960213078
Unknown,2019,5,26.14121355397951,7.98224586288416,3376.49,423.0,328619.7346067415,29662.2808988764,31982.753349375456
Bronx,2019,6,12.920426299061498,1.9433508740367604,45219.57,8338.5,4401032.756629214,584725.6011235955,412508.13470609847
Brooklyn,2019,6,49.57470377262746,3.2005740409747747,186145.65666666665,46603.333333333336,18116782.899400745,3267993.2958801496,1698083.3213409258
EWR,2019,6,0.2333333333333333,26.2,52.4,2.0,5099.87415730337,140.24719101123594,478.0104335047759
Manhattan,2019,6,39.58700765265504,2.0680426731834363,113861.2175,43968.0,11081638.943651685,3083194.247191011,1038680.342300698
Queens,2019,6,142.10257448593936,1.8730355005352253,98858.35,29442.8,9621472.221348315,2064634.9977528087,901819.136241734
Staten Island,2019,6,57.11469622331691,16.458128078817733,3341.0,203.0,325165.6404494382,14235.089887640448,30477.7263041881
Unknown,2019,6,28.76819645732689,9.398888888888887,3891.14,414.0,378708.47955056175,29031.16853932584,35496.288515797205
Bronx,2019,7,19.016454257737,3.469091951825655,85812.945,15693.5,8351817.186404495,1100484.6460674156,785339.7700916607
Brooklyn,2019,7,249.7714593223494,4.20238310217506,128587.615,32231.0,12514897.990224719,2260153.6067415727,1176803.4298407421
EWR,2019,7,43.15833333333333,18.56,37.12,2.0,3612.7352808988758,140.24719101123594,339.7134577516532
Manhattan,2019,7,9.59716603563832,2.12465401124926,138040.6366666667,54051.0,13434921.289962549,3790250.460674157,1263315.2476366644
Queens,2019,7,214.9039558110653,4.581275035668712,56874.0825,16961.375,5535318.006910112,1189392.599719101,520498.14715861494
Staten Island,2019,7,52.73549107142857,19.01205357142857,4258.7,224.0,414481.5662921348,15707.685393258425,38974.614831006606
Unknown,2019,7,26.63341858482524,9.299181585677749,3635.98,391.0,353874.81752808986,27418.325842696628,33275.62872079353
Bronx,2019,8,14.372505294366794,2.9967755717916136,86311.35,15740.5,8400324.873033708,1103780.4550561798,776072.8476304188
Brooklyn,2019,8,346.4782593959084,4.315207163304539,123221.6075,29781.5,11992646.788370786,2088385.8595505615,1107953.2856585232
EWR,2019,8,47.7,14.74,14.74,1.0,1434.5829213483146,70.12359550561797,132.53545187362235
Manhattan,2019,8,12.425218342638146,2.251470324055042,135059.55333333332,50276.333333333336,13144784.842397,3525557.2621722845,1214394.7714303208
Queens,2019,8,104.28359532827946,2.1685024113427365,69838.85428571429,19074.14285714286,6797125.346324238,1337547.478330658,627959.5733441797
Staten Island,2019,8,50.37957746478873,17.910657276995305,3814.97,213.0,371295.1701123595,14936.325842696628,34302.494764878764
Unknown,2019,8,21.669689336691857,7.574256926952141,3006.98,397.0,292656.8624719101,27839.067415730333,27037.41201322557
Bronx,2019,9,25.259492291505627,5.58318249162587,173346.65,31048.0,16871108.78988764,2177197.393258427,1504810.6782421013
Brooklyn,2019,9,180.03466873579555,3.1689500823315533,163877.99666666667,40029.0,15949564.125018727,2806977.4044943815,1422613.931754225
Manhattan,2019,9,11.668098435029172,2.647746599051202,84323.878,30566.2,8206892.485797752,2143411.84494382,732009.9468041882
Queens,2019,9,130.3248352428599,2.069902684932928,48757.78199999999,13087.6,4745392.221168539,917749.5685393257,423263.04546987504
Staten Island,2019,9,47.08541666666667,17.29173913043478,3181.68,184.0,309659.6871910112,12902.741573033707,27619.951344599558
Unknown,2019,9,22.24963144963145,8.117985257985257,3304.02,407.0,321566.53078651684,28540.303370786514,28681.97670462895
Bronx,2019,10,167.83559171443292,3.990957802687952,65181.66666666666,11360.333333333334,6343860.636704119,796627.4194756554,554542.2484692626
Brooklyn,2019,10,22.624396100817656,5.737913338985832,269917.82,63985.5,26269979.29033708,4486893.320224718,2296364.0308581926
EWR,2019,10,0.5666666666666667,0.0133333333333333,0.04,3.0,3.8930337078651687,210.3707865168539,0.34030565760470244
Manhattan,2019,10,12.049407769436815,2.0310016291323416,94533.196,33190.2,9200522.963505616,2327416.1595505616,804254.5357563556
Queens,2019,10,300.95573912216975,2.753989517858692,78848.86333333333,22407.33333333333,7674032.069588014,1571282.7790262168,670817.8572008327
Staten Island,2019,10,52.92982456140351,17.216008771929825,3925.25,228.0,382028.2640449438,15988.179775280898,33394.61956282145
Unknown,2019,10,34.37227722772277,7.516163366336634,3036.53,404.0,295532.8411235955,28329.93258426966,25833.708462160175
Bronx,2019,11,20.209793323317086,5.374323170508264,75847.545,13645.0,7381926.233595505,956836.4606741572,644787.7264144012
Brooklyn,2019,11,124.0081207226327,2.504064601180481,113947.065,28440.25,11089994.123932583,1994332.5870786514,968675.6370683322
EWR,2019,11,0.05,0.04,0.04,1.0,3.8930337078651687,70.12359550561797,0.34004408523144747
Manhattan,2019,11,14.845935726518867,4.772831056078803,106507.6925,38781.25,10365950.926235955,2719480.688202247,905432.77165687
Queens,2019,11,108.09951252931836,2.9082303597191883,82851.424,24815.8,8063584.65941573,1740173.1213483145,704328.4171050698
Staten Island,2019,11,53.59844771241831,16.361029411764708,3337.65,204.0,324839.5988764045,14305.213483146066,28373.703526818517
Unknown,2019,11,21.83771043771044,6.558964646464646,2597.35,396.0,252789.27752808988,27768.943820224715,22080.337619397502
Bronx,2019,12,15.574357743353392,3.556876840353348,87933.875,15623.0,8558238.485955056,1095540.9325842694,746384.7985121235
Brooklyn,2019,12,155.73157627201428,3.5838053880934435,122127.0725,29858.5,11886120.24713483,2093785.3764044943,1036617.462846804
EWR,2019,12,58.825,18.4225,73.69,4.0,7171.941348314606,280.4943820224719,625.4824526083763
Manhattan,2019,12,17.079860697770005,3.378483276631182,102163.646,30982.8,9943162.939910112,2172625.3348314604,867167.4293322557
Queens,2019,12,57.08846281150672,1.9567281345335408,55622.34249999999,16557.25,5413491.356573032,1161053.9016853932,472123.75093938276
Staten Island,2019,12,48.120357142857145,16.573071428571428,2320.23,140.0,225818.34,9817.303370786516,19694.16679353417
Unknown,2019,12,23.79536585365853,6.68509756097561,2740.89,410.0,266759.428988764,28750.67415730337,23264.73876414401
Bronx,2020,1,14.552891577806848,4.451143021365997,66753.88666666667,11213.0,6496878.273108615,786295.8764044943,574465.9972040167
Brooklyn,2020,1,18.011874468848987,3.370448825446166,257180.65,61124.0,25030323.486516852,4286234.6516853925,2213227.5129022775
Manhattan,2020,1,10.855027714843573,2.2379102401613205,109771.5175,37947.5,10683605.444775281,2661015.140449438,944664.1598581926
Queens,2020,1,362.3511821082491,3.566901138174936,91813.888,24478.2,8935864.020853933,1716499.3955056178,790125.6295453344
Staten Island,2020,1,50.8960970464135,18.87405063291139,2982.1,158.0,290235.39550561795,11079.528089887639,25663.150653930934
Unknown,2020,1,21.316585563665857,7.202871046228711,2960.38,411.0,288121.4782022472,28820.797752808987,25476.23417487142
Bronx,2020,2,25.51519917317295,9.482635137659232,90288.18,13385.0,8787373.204044944,938604.3258426966,746884.2575532696
Brooklyn,2020,2,18.145557878341982,4.917620289746868,270305.2133333333,35718.0,26307682.6729588,2504674.584269663,2236025.895895175
EWR,2020,2,12.57222222222222,4.666666666666667,14.0,3.0,1362.5617977528088,210.3707865168539,115.81116825863336
Manhattan,2020,2,11.973925080371965,2.793895129331585,140132.12333333335,48031.333333333336,13638476.992284646,3368129.790262172,1159204.6366997308
Queens,2020,2,14.55990487681688,3.5762637571630784,179941.96999999997,35642.333333333336,17513003.866741568,2499368.565543071,1488520.697461425
Staten Island,2020,2,44.58757861635221,18.629056603773584,1974.68,106.0,192187.39505617978,7433.101123595505,16334.999838354152
Unknown,2020,2,24.61323024054983,7.019113402061856,3404.27,485.0,331323.44651685393,34009.94382022472,28160.89184055841
Bronx,2020,3,19.27299007868628,4.441595392861216,41975.90666666667,5847.0,4085340.4892883897,410012.6629213483,326235.4512510409
Brooklyn,2020,3,250.8674439263676,8.468845738288381,344706.15,28849.0,33548816.531460676,2022995.6067415727,2679045.5602847175
Manhattan,2020,3,136.5695545371901,2.4261923141902084,78784.59,16575.2,7667776.613258426,1162312.620224719,612311.4022141808
Queens,2020,3,14.125847391417292,3.9682030165064073,184213.845,28445.0,17928767.701011237,1994665.674157303,1431704.3185630052
Staten Island,2020,3,111.81777777777778,20.357666666666667,2442.92,120.0,237759.24764044944,8414.831460674157,18986.298852314474
Unknown,2020,3,26.199753694581283,8.249433497536947,3349.27,406.0,325970.5251685393,28470.179775280896,26030.42308265981
Bronx,2020,4,15.21536729940203,12.447778473091365,54537.375,2399.0,5307895.980337079,168226.5056179775,379461.51822189573
Brooklyn,2020,4,15.04159193810717,5.505056705789267,35565.51500000001,3792.0,3461443.718314607,265908.67415730335,247458.63397795745
EWR,2020,4,47.0,18.73,18.73,1.0,1822.9130337078652,70.12359550561797,130.32006465833948
Manhattan,2020,4,12.181474453150509,7.223197845249755,117998.16,16336.0,11484270.358651685,1145539.0561797752,821010.5627744306
Queens,2020,4,24.838961726923586,6.901855383392928,34743.94,5034.0,3381483.2391011235,353002.1797752809,241742.25879794272
Staten Island,2020,4,131.7731182795699,23.413870967741936,725.83,31.0,70642.01640449438,2173.831460674157,5050.198213078619
Unknown,2020,4,25.81139240506329,11.08746835443038,875.91,79.0,85248.67887640449,5539.7640449438195,6094.4286083761945
Bronx,2020,5,22.217995130160777,85.69209259856054,797707.6900000001,9309.0,77637573.15483147,652780.5505617977,5427723.863233285
Brooklyn,2020,5,22.3356472818003,38.79253706635958,538983.51,13894.0,52457024.310337074,974297.235955056,3667325.382203894
Manhattan,2020,5,14.226059004266595,16.518772880171245,378131.23,22891.0,36801940.60966292,1605199.2247191009,2572862.1225962527
Queens,2020,5,22.127073515551366,52.619614750235634,446635.29,8488.0,43469155.97730336,595209.0786516854,3038974.115562454
Staten Island,2020,5,40.18458049886621,20.01619047619048,2942.38,147.0,286369.61303370784,10308.168539325841,20020.398876561354
Unknown,2020,5,28.92647849462365,14.171572580645162,3514.55,248.0,342056.5404494382,17390.651685393255,23913.530159808965
Bronx,2020,6,25.12406142686268,218.1397488135201,1884509.29,8639.0,183411454.7188764,605797.7415730336,13241481.679452242
Brooklyn,2020,6,23.9719474649548,19.38793397091576,295976.2,15266.0,28806133.083146065,1070506.808988764,2079673.1810506983
Manhattan,2020,6,14.859446893174166,7.661649586776861,170474.81,13613.0,16591604.541797752,954592.5056179775,1197839.1857240999
Queens,2020,6,24.931780118854675,42.14221926371845,364024.49,8638.0,35428990.25146067,605727.617977528,2557813.665756429
Staten Island,2020,6,45.08326639892905,22.01068273092369,5480.66,249.0,533409.8530337078,17460.775280898873,38509.79104555474
Unknown,2020,6,31.86937229437229,14.081948051948052,2168.62,154.0,211062.76898876403,10799.033707865168,15237.78213886848
Bronx,2020,7,25.52357046841072,400.46387136800746,3872886.1,9671.0,376931903.3505618,678165.2921348314,27820611.234066863
Brooklyn,2020,7,24.79649766968237,81.53060862413348,1387814.02,17022.0,135070169.00269663,1193643.842696629,9969266.670560617
EWR,2020,7,33.266666666666666,27.2,54.4,2.0,5294.525842696628,140.24719101123594,390.7786627479794
Manhattan,2020,7,14.820965011897036,3.9012757138221934,25662.6625,7706.5,2497640.253651685,540407.488764045,184345.97305703527
Queens,2020,7,24.337644544997488,25.266496040723982,268026.99,10608.0,26085952.66719101,743871.1011235954,1925353.4693486406
Staten Island,2020,7,48.61458333333333,20.917410714285715,2342.75,112.0,228010.11797752808,7853.842696629213,16828.98367927994
Unknown,2020,7,32.76293532338309,12.259925373134328,1642.83,134.0,159889.81415730336,9396.561797752807,11801.156443423952
Bronx,2020,8,26.83661828603125,171.87462142923178,1859167.78,10817.0,180945070.90292135,758526.9325842696,13300494.49430419
Brooklyn,2020,8,25.32237747586585,74.00349369047044,1530614.26,20683.0,148968322.6979775,1450366.3258426965,10950021.163788391
EWR,2020,8,56.13333333333333,16.14,16.14,1.0,1570.8391011235956,70.12359550561797,115.46563115356356
Manhattan,2020,8,10.397553514324873,8.711961756836129,241091.755,15323.5,23464458.22258427,1074538.915730337,1724771.478128582
Queens,2020,8,19.0999622148942,18.81156979939544,259594.675,7279.0,25265270.50393258,510429.6516853932,1857141.449379133
Staten Island,2020,8,45.70959915611815,112.36746835443036,17754.059999999998,158.0,1727928.8507865164,11079.528089887639,127012.62350918443
Unknown,2020,8,29.16707566462168,12.306748466257668,2006.0,163.0,195235.6404494382,11430.14606741573,14350.932843497429
Bronx,2020,9,24.608079916552995,40.64979539436733,506618.4,12463.0,49307062.70561798,873950.3707865168,3634289.0703306394
Brooklyn,2020,9,19.66745826396076,4.547853800116997,76178.315,11112.0,7414118.702584269,779213.3932584269,546474.4620422483
Manhattan,2020,9,15.26718692270054,4.322588897876037,80035.84,16691.0,7789555.573932583,1170432.9325842694,574146.889545922
Queens,2020,9,12.69550342539742,7.443488469338683,104855.13666666666,5315.0,10205114.537153557,372706.9101123595,752191.1504905707
Staten Island,2020,9,61.37926829268292,24.437642276422764,3005.83,123.0,292544.93775280897,8625.20224719101,21562.689227773695
Unknown,2020,9,82.48950131233595,10.48267716535433,1331.3,127.0,129569.89438202247,8905.696629213482,9550.243416605437
Bronx,2020,10,19.739291045736493,44.897729132885495,542555.74,6476.0,52804694.60539325,454120.404494382,3837096.908162381
Brooklyn,2020,10,26.379959456452195,23.484212008678963,435688.3,11983.5,42403730.95056179,840326.106741573,3081302.261869949
EWR,2020,10,84.48333333333333,37.12,37.12,1.0,3612.7352808988758,70.12359550561797,262.5224041146216
Manhattan,2020,10,12.103126798477676,2.142011835143414,58188.16,17956.5,5663211.706966292,1259174.342696629,411521.97344305663
Queens,2020,10,12.632949982740138,13.699445958467326,249234.06,9174.5,24256914.918202247,643348.9269662921,1762648.8313159442
Staten Island,2020,10,46.500136612021855,21.594590163934427,2634.54,122.0,256408.8256179775,8555.078651685393,18632.15987435709
Unknown,2020,10,70.69633569739952,11.849219858156028,1670.74,141.0,162606.17842696627,9887.426966292134,11815.912754592213
Bronx,2020,11,24.99748872052439,102.12926364178088,1199712.46,11747.0,116763026.16314606,823741.8764044943,8421919.764664952
Brooklyn,2020,11,24.601930845749536,34.19409017853265,787182.15,23021.0,76613166.10449438,1614315.2921348312,5525978.206041514
Manhattan,2020,11,11.588550718123887,9.689776023251634,297522.51,16687.5,28956629.006966293,1170187.4999999998,2088592.7177931669
Queens,2020,11,22.69772256127095,31.216385934321423,435832.38,8603.0,42417753.65797753,603273.2921348314,3059520.891533431
Staten Island,2020,11,55.87355555555556,18.865466666666663,1414.91,75.0,137707.30808988764,5259.269662921348,9932.595427259368
Unknown,2020,11,35.46231481481481,561.9133333333334,101144.4,180.0,9843963.964044943,12622.247191011234,710028.4858633358
Bronx,2020,12,21.776871710626388,41.61795838276901,456007.97,10957.0,44381359.95662921,768344.2359550562,3289120.822262307
Brooklyn,2020,12,15.157933369693664,11.089836681513802,211730.4533333333,7334.666666666667,20606844.795205988,514333.19850187266,1527181.734928239
Manhattan,2020,12,17.454130242189418,5.632234781773351,96569.94,15615.0,9398750.789662922,1094979.9438202246,696545.2828787656
Queens,2020,12,23.95983975145123,50.96554758400785,831146.15,16308.0,80891999.45280899,1143575.5955056178,5994939.317196915
Staten Island,2020,12,43.06586879432624,19.410797872340424,3649.23,188.0,355164.3849438202,13183.235955056178,26321.378501836884
Unknown,2020,12,33.216043613707164,13.178691588785046,2820.24,214.0,274482.2346067415,15006.449438202246,20341.99118883174
Bronx,2021,1,14.07440028377219,59.37862353989308,589792.36,5051.5,57402038.4530337,354229.3426966292,4537566.00492726
Brooklyn,2021,1,22.805564305753805,42.06491558793129,854632.89,20317.0,83177866.21550561,1424701.0898876402,6575115.941408156
Manhattan,2021,1,16.13894979022872,9.922227974015428,293261.37,29556.0,28541909.965617977,2072572.9887640448,2256205.59593277
Queens,2021,1,23.422604524313925,53.12350646504493,727207.68,13689.0,70776100.27146068,959921.8988764044,5594770.415964733
Staten Island,2021,1,43.91948529411765,21.19338235294118,2882.3,136.0,280522.27640449436,9536.808988764044,22174.967637766353
Unknown,2021,1,29.46348195329087,440.4542675159236,69151.32,157.0,6730210.49258427,11009.40449438202,532015.5025878032
Bronx,2021,2,23.218609736448386,40.7665116814363,354220.22,8689.0,34474781.41168539,609303.9213483145,2929031.643564291
Brooklyn,2021,2,23.99925750106506,11.6179782119165,190895.0,16431.0,18579016.741573032,1152200.7977528088,1578502.4796105805
Manhattan,2021,2,17.659585948262666,7.246457599877544,189364.43,26132.0,18430052.726516854,1832469.7977528088,1565846.262631521
Queens,2021,2,124.6005094614265,33.313225072780206,210436.5,5496.5,20480909.69662921,385434.3426966292,1740090.2959772227
Staten Island,2021,2,53.31484848484848,23.15536363636364,2547.09,110.0,247897.6806741573,7713.595505617976,21061.77679243204
Unknown,2021,2,33.87561521252797,12.761879194630872,1901.52,149.0,185067.03640449437,10448.415730337078,15723.586448199854
Bronx,2021,3,22.937655701053977,63.7455621207282,798349.4199999999,12524.0,77700030.06786516,878227.9101123594,7298474.029040411
Brooklyn,2021,3,24.10242424242424,15.660049628942485,337630.67,21560.0,32860189.477977525,1511864.7191011235,3086604.204462895
Manhattan,2021,3,17.45403378656778,6.893749072929543,223081.72,32360.0,21711616.389213484,2269199.5505617973,2039402.9218104337
Queens,2021,3,23.610806091086896,21.75636141380274,311464.07,14316.0,30313503.08247191,1003889.3932584269,2847390.339275533
Staten Island,2021,3,54.88382352941176,22.36470588235294,3802.0,170.0,370032.8539325842,11921.011235955055,34757.71080088171
Unknown,2021,3,32.71798561151079,11.340647482014388,1576.35,139.0,153419.59213483144,9747.179775280898,14410.919889786923
Bronx,2021,4,24.872161144388,172.44428918037758,2274367.73,13189.0,221354755.92426965,924860.1011235954,20911148.532389417
Brooklyn,2021,4,14.855553516071138,26.57654766275086,538336.0366666667,7265.0,52394008.42254682,509447.92134831456,4949606.290392849
Manhattan,2021,4,12.58383380921215,3.9459272444818434,69206.15000000001,11037.666666666666,6735546.868539327,774000.8726591759,636299.9540117561
Queens,2021,4,16.767592407370365,43.40906647996266,640208.65,7499.0,62308846.36292135,525856.8426966291,5886250.492953711
Staten Island,2021,4,56.82803921568628,22.124235294117646,3761.12,170.0,366054.17348314606,11921.011235955055,34580.74872005878
Unknown,2021,4,28.98862433862434,10.431851851851851,1971.62,189.0,191889.57797752807,13253.359550561796,18127.60448787656
Bronx,2021,5,30.016759020081658,134.50073327222734,1535363.3,6001.0,149430527.01797754,420811.69662921346,14809317.943240266
Brooklyn,2021,5,26.01670036263278,251.0369635120824,5215041.88,20774.0,507558345.6692135,1456747.5730337077,50301588.74335048
Manhattan,2021,5,12.215264221425064,22.46202107839048,791754.5399999999,17981.0,77058177.81438202,1260892.3707865167,7636853.581080087
Queens,2021,5,19.82747769721428,57.542401161888286,832966.65,5011.666666666667,81069181.1494382,351436.0861423221,8034364.21592579
Staten Island,2021,5,75.17853881278538,20.27650684931507,2960.37,146.0,288120.5049438202,10238.044943820223,28554.193368846438
Unknown,2021,5,34.43479853479853,11.045714285714284,2010.32,182.0,195656.08808988763,12762.49438202247,19390.503894195444
Bronx,2021,6,26.4245362392296,397.755445514445,3923857.47,9865.0,381892734.8892135,691769.2696629213,39181778.23257972
Brooklyn,2021,6,27.404663461538465,260.02353792735045,4867640.63,18720.0,473747226.2591011,1312713.7078651683,48605948.90072667
EWR,2021,6,0.1,0.06,0.06,1.0,5.839550561797752,70.12359550561797,0.5991315209404849
Manhattan,2021,6,18.55974594947197,43.11746456338922,1536100.37,18907.5,149502262.97685394,1325861.8820224719,15338769.183255695
Queens,2021,6,26.97307943305802,322.6208981339859,5273238.58,16345.0,513222388.5388764,1146170.1685393257,52656057.511957385
Staten Island,2021,6,67.47513812154696,20.88198895027624,3779.64,181.0,367856.64808988763,12692.370786516853,37741.69103012491
Unknown,2021,6,37.71068627450981,12.022058823529411,2043.75,170.0,198909.69101123593,11921.011235955055,20407.917432035265
Bronx,2021,7,47.94330312185298,182.4754458797792,1711366.185,4800.0,166560156.11764044,336593.25842696626,17458198.466230713
Brooklyn,2021,7,37.08902523534388,150.15135212484478,2726401.01,9261.0,265349275.82719097,649414.617977528,27812896.122586332
Manhattan,2021,7,48.283842756295705,21.42040675259496,550139.1,7015.2,53542751.50786516,491931.0471910112,5612146.410286553
Queens,2021,7,51.52834790139774,143.8848775982218,2316619.8400000003,8325.0,225466978.13573036,583778.9325842696,23632586.22965467
Staten Island,2021,7,52.41362799263352,21.71121546961326,3929.73,181.0,382464.2838202247,12692.370786516853,40088.44329169729
Unknown,2021,7,40.58501683501683,11.81439393939394,2339.25,198.0,227669.4775280899,13884.471910112357,23863.443791329904
Bronx,2021,8,14.355267964815209,264.3828942328155,2482415.16,4699.5,241603147.36988765,329545.83707865165,25559300.33639824
Brooklyn,2021,8,15.27573443431018,169.29803578174753,3133680.905,9265.0,304988134.82146066,649695.1123595505,32264825.279801797
EWR,2021,8,0.0333333333333333,0.02,0.02,1.0,1.9465168539325843,70.12359550561797,0.20592285084496692
Manhattan,2021,8,18.385018161497623,36.41293936853869,1216013.2366666666,11930.666666666666,118349512.98883894,836621.2434456927,12520245.617980773
Queens,2021,8,24.523185279701867,179.5426449143274,2859838.31,8230.0,278336173.49685395,577117.1910112359,29445302.887542613
Staten Island,2021,8,66.54496527777778,822.9835937500001,158012.85,192.0,15378733.783146067,13463.73033707865,1626922.8271069068
Unknown,2021,8,34.26637426900585,568.247894736842,97170.38999999998,171.0,9457190.09191011,11991.134831460673,1000480.1863258632
Bronx,2021,9,28.530317443540145,557.9011711235598,5278302.98,9461.0,513715285.53662926,663439.3370786516,55640526.96066422
Brooklyn,2021,9,156.72143085258983,108.58777991588312,2180027.69,6843.333333333333,212173032.03123593,479879.13857677893,22980471.170383543
EWR,2021,9,39.7,21.64,21.64,1.0,2106.131235955056,70.12359550561797,228.1151741366642
Manhattan,2021,9,16.59701074990286,38.45387074213185,1446873.755,19303.5,140818207.4810112,1353630.8258426965,15252026.736395296
Queens,2021,9,18.564186866269203,107.43368292789069,2451025.54,11490.0,238548126.15146068,805720.1123595504,25837158.86647465
Staten Island,2021,9,57.44017467248908,21.080786026200872,4827.5,229.0,469840.5056179775,16058.303370786516,50888.44746509919
Unknown,2021,9,38.59926253687316,199.6732300884956,45126.15,226.0,4391940.576404494,15847.932584269662,475691.29229977954
Bronx,2021,10,555.0291263812154,227.32438437253356,2285967.635,5068.5,222483726.45359546,355421.44382022467,25038987.89034717
Brooklyn,2021,10,156.53359027040756,72.55474827877107,1746212.93,8167.0,169951644.94,572699.404494382,19126869.400422484
EWR,2021,10,0.0333333333333333,0.04,0.04,1.0,3.8930337078651687,70.12359550561797,0.43813372520205734
Manhattan,2021,10,25.130741764065228,78.31076683551521,3571205.9,45603.0,347570623.66067415,3197846.3258426962,39116643.610764146
Queens,2021,10,23.85660634797755,102.96150261273466,2567524.7,12918.0,249886505.0719101,905856.606741573,28122979.033982366
Staten Island,2021,10,58.491960784313726,263.5249411764706,67198.86,255.0,6540185.677752809,17881.516853932582,736052.171528288
Unknown,2021,10,51.83929663608563,13.077385321100916,2850.87,218.0,277463.3251685393,15286.943820224718,31226.55732916973
Bronx,2021,11,31.225607779578606,580.7167466234469,5374533.49,9255.0,523081001.0155056,648993.8764044943,61399602.54413447
Brooklyn,2021,11,29.01272040650069,262.8421966778509,6345273.47,24141.0,617559087.6083145,1692853.7191011235,72489504.40382145
EWR,2021,11,4.775,0.42,0.84,2.0,81.75370786516854,140.24719101123594,9.5963056576047
Manhattan,2021,11,15.919264029794665,49.363872035453,2212445.7,22622.5,215328142.1730337,1586371.0393258426,25275363.31911095
Queens,2021,11,13.950217826212851,62.88377536918583,1566636.815,6332.5,152474248.2194382,444057.6685393258,17897530.632376563
Staten Island,2021,11,61.386339869281045,22.10027450980392,5635.57,255.0,548486.5993258427,17881.516853932582,64381.72889860396
Unknown,2021,11,40.72949735449736,14.070238095238096,3545.7,252.0,345088.24044943816,17671.146067415728,40506.69163115356
Bronx,2021,12,32.01746801438783,716.0205108591723,5241986.16,7321.0,510180720.4260674,513374.8426966292,58976966.18346217
Brooklyn,2021,12,17.83210980559372,136.68630620173403,2859921.725,10554.0,278344291.93202245,740084.4269662921,32176641.01247337
EWR,2021,12,33.855555555555554,14.226666666666668,42.68,3.0,4153.866966292135,210.3707865168539,480.1876311535636
Manhattan,2021,12,10.619547292365894,32.01361312513732,1359814.03,14666.333333333334,132345046.38044943,1028456.0262172284,15299106.791824764
Queens,2021,12,12.8397290066786,53.037711039898376,1207275.2733333332,7698.333333333333,117499083.34397002,539834.8127340823,13582911.285196915
Staten Island,2021,12,63.15761078998073,22.929219653179192,7933.51,346.0,772135.5462921348,24262.76404494382,89258.98251249082
Unknown,2021,12,44.2130303030303,341.7255,75179.61,220.0,7316918.896853932,15427.191011235953,845836.8987101397
Bronx,2022,1,22.98876857749469,375.9594097664544,885384.41,2355.0,86170783.81370786,165141.06741573033,9897667.43215687
Brooklyn,2022,1,506.6264260342667,133.47245194316758,1241611.35,4786.5,120840870.94044945,335646.58988764044,13879910.334417708
Manhattan,2022,1,15.254714395189811,16.832765857109173,468812.175,16964.5,45627539.998314604,1189611.735955056,5240827.536477773
Queens,2022,1,359.5056485409436,22.12668762051678,269437.27,6483.5,26223209.356629215,454646.3314606741,3012025.5813949304
Staten Island,2022,1,32.833333333333336,16.7,100.2,6.0,9752.049438202246,420.7415730337078,1120.1307200587803
Unknown,2022,1,8.160677083333333,223.7325,14318.88,64.0,1393597.06247191,4487.91011235955,160070.03358119028
Bronx,2022,2,446.9375351782364,220.4772209193246,469205.035,1066.5,45665775.4288764,74786.81460674157,5601139.414690117
Brooklyn,2022,2,24.48106792987884,218.1206844547564,2256240.36,10344.0,219590494.36314604,725358.4719101123,26933890.01976635
Manhattan,2022,2,11.723267432244644,30.229807028312745,1155500.265,19551.0,112460037.02730335,1370986.415730337,13793795.026040962
Queens,2022,2,17.607423982051646,42.97233294250323,583494.4299999999,6991.0,56789087.10853932,490234.0561797752,6965470.11718479
Staten Island,2022,2,28.98333333333333,12.686666666666667,38.06,3.0,3704.221573033708,210.3707865168539,454.34159955914777
Unknown,2022,2,11.739285714285714,4.322619047619048,363.1,84.0,35339.01348314607,5890.382022471909,4334.509584864071
Bronx,2022,3,15.612623512805,57.028086307723335,92207.93333333336,551.6666666666666,8974214.814981276,38684.85018726591,1294891.3870805784
Brooklyn,2022,3,24.31706516223396,81.20012425002238,889316.475,5584.5,86553475.35337079,391605.21910112357,12488819.586742286
EWR,2022,3,0.075,0.02,0.04,2.0,3.8930337078651687,140.24719101123594,0.5617266715650258
Manhattan,2022,3,12.774772965008658,24.03770030635748,1042299.24,22361.0,101442651.87505618,1568033.7191011235,14637182.071498897
Queens,2022,3,20.00396608321609,34.84647044540774,544864.1,8245.5,53029357.68764044,578204.106741573,7651617.433706832
Staten Island,2022,3,27.31111111111112,11.183333333333332,67.1,6.0,6530.56404494382,420.7415730337078,942.2964915503305
Unknown,2022,3,17.670281124497993,5.879397590361446,487.99,83.0,47494.03797752809,5820.258426966291,6852.924961425423
Bronx,2022,4,24.263883474117392,288.05746588693955,443320.44,1539.0,43146535.40764045,107920.21348314606,5957464.502116092
Brooklyn,2022,4,19.128758627121805,148.1603763290431,1573834.18,5361.5,153174737.83325842,375967.65730337077,21149625.448280677
Manhattan,2022,4,11.751177456267628,18.71917170346479,767040.4966666666,14538.0,74652862.72052433,1019456.8314606741,10307705.484044818
Queens,2022,4,13.347897791474065,36.766775038520805,583481.41,8113.5,56787819.92606742,568947.7921348314,7840986.9567928
Staten Island,2022,4,11.0,5.446,27.23,5.0,2650.1826966292133,350.61797752808985,365.92438280675975
Unknown,2022,4,17.37451923076923,7.402980769230769,769.91,104.0,74932.1395505618,7292.8539325842685,10346.266675238796
Bronx,2022,5,23.54977477477477,554.843314028314,862226.51,1554.0,83916921.6811236,108972.06741573033,13058455.337783983
Brooklyn,2022,5,21.367692796855128,106.70511012833852,1204177.28,5767.0,117197568.53213483,404402.77528089884,18237313.568164587
EWR,2022,5,56.016666666666666,16.66,16.66,1.0,1621.4485393258426,70.12359550561797,252.3163732549596
Manhattan,2022,5,18.14220027515723,52.33034198113208,2059386.26,21200.5,200431503.19235954,1486655.2865168538,31189488.13050992
Queens,2022,5,17.665751325911074,49.45541782195111,805520.2200000001,8379.5,78397934.22067416,587600.6685393258,12199636.28414989
Staten Island,2022,5,14.318055555555556,5.602499999999999,67.22999999999999,12.0,6543.216404494381,841.4831460674156,1018.2010668626009
Unknown,2022,5,22.40580357142857,8.207678571428572,919.26,112.0,89467.75415730337,7853.842696629213,13922.229848640705
Bronx,2022,6,25.88431140090892,672.3836633076467,1134311.24,1687.0,110397797.31325842,118298.50561797751,18002544.509457752
Brooklyn,2022,6,20.22603641199669,105.02523754929835,1116363.395,5452.0,108651008.17404494,382313.8426966292,17717695.988992285
EWR,2022,6,0.0666666666666666,0.01,0.01,1.0,0.9732584269662922,70.12359550561797,0.15870903747244672
Manhattan,2022,6,16.32512041435735,22.04797596661388,794029.4866666667,13473.0,77279588.91580524,944775.2022471909,12601965.555360764
Queens,2022,6,23.691582897168388,41.46377769324514,612931.6766666666,5259.0,59654091.94704119,368779.9887640449,9727779.64401396
Staten Island,2022,6,25.0,9.08,54.48,6.0,5302.311910112359,420.7415730337078,864.6468361498897
Unknown,2022,6,19.70359477124183,9.512156862745098,970.24,102.0,94429.42561797753,7152.606741573033,15398.585651726671
Bronx,2022,7,19.28159298780488,330.96708079268296,434228.81000000006,1312.0,42261684.8564045,92002.15730337078,6522461.301596621
Brooklyn,2022,7,23.467886221294364,155.8004258872651,1492568.08,9580.0,145265446.1680899,671784.0449438201,22419556.965366643
Manhattan,2022,7,15.086003701594532,39.23159624145786,1308894.585,17561.0,127389268.48617977,1231440.4606741571,19660635.31927296
Queens,2022,7,23.179937581004083,38.94614206587924,505286.415,6816.5,49177426.143033706,477997.4887640449,7589802.915333945
Staten Island,2022,7,15.384722222222225,5.946666666666666,71.36,12.0,6945.17213483146,841.4831460674156,1071.8838265980896
Unknown,2022,7,10.89622641509434,4.740943396226415,502.54,106.0,48910.128988764045,7433.101123595505,7548.549582659809
Bronx,2022,8,19.77776944236059,188.16545386346587,250824.55,1333.0,24411710.697752807,93474.75280898875,3423957.831236223
Brooklyn,2022,8,23.928033293133065,74.78053393268281,655306.05,4561.0,63778213.54044944,319833.71910112357,8945457.220012859
EWR,2022,8,46.900000000000006,19.69,39.38,2.0,3832.6916853932585,140.24719101123594,537.5688280675975
Manhattan,2022,8,34.1786098268268,17.206182939840783,530978.245,18277.0,51677905.14820225,1281648.9550561795,7248282.196395113
Queens,2022,8,17.73035126105778,34.03590273856578,466654.405,7089.5,45417533.2147191,497141.2303370786,6370209.791986591
Staten Island,2022,8,36.80555555555556,10.553333333333336,94.98,9.0,9244.008539325843,631.1123595505617,1296.5537656135195
Unknown,2022,8,16.116531165311653,5.282113821138212,649.7,123.0,63232.6,8625.20224719101,8868.93010653931
Bronx,2022,9,22.61843039772728,721.0389630681818,1015222.86,1408.0,98807420.37438202,98734.02247191011,12245370.485601028
Brooklyn,2022,9,19.63200270142007,120.24508542328331,1086225.825,4566.0,105717843.77696629,320184.33707865165,13101790.929089824
EWR,2022,9,23.166666666666664,13.16,26.32,2.0,2561.6161797752807,140.24719101123594,317.46541954445263
Manhattan,2022,9,19.10850981623451,33.41465642743139,1204429.94,19112.0,117222158.87955055,1340202.1573033708,14527540.12971124
Queens,2022,9,30.82715843838641,27.75762727439532,366946.52,5280.0,35713379.2835955,370252.5842696629,4426019.411936811
Staten Island,2022,9,20.616666666666667,9.93,69.51,7.0,6765.1193258426965,490.8651685393258,838.4126638501102
Unknown,2022,9,14.816794871794873,5.237384615384616,680.86,130.0,66265.27325842697,9116.067415730337,8212.367232182218
Bronx,2022,10,19.406374695863747,740.4022481751824,1014351.08,1370.0,98722573.65123595,96069.32584269662,11926413.557954447
Brooklyn,2022,10,17.143873253394112,88.74923743930233,886992.9049999999,5046.5,86327331.94505617,353878.7247191011,10428977.122991182
EWR,2022,10,23.74791666666667,14.49625,115.97,8.0,11286.87797752809,560.9887640449438,1363.5379382806761
Manhattan,2022,10,12.493839682220884,15.409856982660507,558210.1233333334,13279.0,54328270.655205995,931171.224719101,6563254.985749206
Queens,2022,10,21.013797427909576,48.887416486939856,644614.2066666667,4638.666666666667,62737620.87805243,325279.98501872655,7579166.390831253
Staten Island,2022,10,25.60833333333333,10.06,20.12,2.0,1958.1959550561799,140.24719101123594,236.56448493754598
Unknown,2022,10,28.867409766454355,4.823375796178344,757.27,157.0,73701.9408988764,11009.40449438202,8903.736953710508
Bronx,2022,11,24.03063973063973,13.15425160697888,14324.98,1089.0,1394190.7501123594,76364.59550561797,176109.89372520207
Brooklyn,2022,11,22.5627974386943,149.99499151617988,1221191.175,4126.0,118853460.20056179,289329.9550561797,15013204.070609849
EWR,2022,11,19.23333333333333,8.66,25.98,3.0,2528.525393258427,210.3707865168539,319.395562086701
Manhattan,2022,11,16.649472546208216,18.659355130008,626029.37,18140.5,60928835.98808988,1272077.0842696629,7696343.437795739
Queens,2022,11,20.75854465408805,57.0578679245283,740599.57,6627.5,72079477.25101122,464744.1292134831,9104858.19635562
Staten Island,2022,11,46.8,20.436,102.18,5.0,9944.754606741573,350.61797752808985,1256.1908596620135
Unknown,2022,11,16.38927392739274,6.453960396039604,651.85,101.0,63441.85056179775,7082.483146067415,8013.779720793535
Bronx,2022,12,22.69147118447727,55.24390964378801,63585.74,1151.0,6188535.728988764,80712.25842696629,710821.7637891256
Brooklyn,2022,12,18.82026831785345,49.49696542827658,460348.465,4846.5,44803802.290224716,339854.00561797747,5146212.15148108
Manhattan,2022,12,17.042264528392725,32.13986901411958,1290640.72,40157.0,125612695.69258426,2815953.2247191006,14428007.175955914
Queens,2022,12,18.52956124353649,20.150368907742003,323155.74,8674.5,31451404.717752807,608287.1292134831,3612541.6341050696
Staten Island,2022,12,226.17962962962963,38.830000000000005,349.47,9.0,34012.46224719101,631.1123595505617,3906.707412564291
Unknown,2022,12,70.94488188976378,12.663700787401574,1608.29,127.0,156528.1795505618,8905.696629213482,17978.992372887584
Bronx,2023,1,19.263214550853743,146.13269487750557,131227.16,898.0,12771793.931685394,62970.98876404494,1445528.3938853785
Brooklyn,2023,1,453.8937047048224,10.75637090139852,58685.08,4255.0,5711574.864719101,298375.89887640445,646443.5368214549
Manhattan,2023,1,16.48685088014062,5.777829761935535,223526.9,38687.0,21754943.907865167,2712871.5393258426,2462253.094155033
Queens,2023,1,24.954387943885425,4.951155765852101,26988.48,5566.333333333333,2626676.5591011234,390331.3071161048,297290.69918001466
Staten Island,2023,1,13.38148148148148,3.641111111111112,32.77,9.0,3189.3678651685395,631.1123595505617,360.9768394562822
Unknown,2023,1,25.35617283950617,7.361851851851852,397.54,54.0,38690.91550561798,3786.6741573033705,4379.088579720794
Bronx,2023,2,18.038205681409565,7.406990291262136,6866.28,927.0,668266.4871910112,65004.57303370786,76174.08653783983
Brooklyn,2023,2,540.0369963259044,16.191171269379844,121167.985,4128.5,11792776.247977527,289505.2640449438,1344230.1471838723
EWR,2023,2,38.025,7.04,14.08,2.0,1370.3478651685393,140.24719101123594,156.20265099191772
Manhattan,2023,2,14.387355582633813,6.997957487137828,218460.01,18466.0,21261804.568764046,1294902.3146067415,2423581.867735856
Queens,2023,2,11.896643118964528,5.66561132642904,65794.75,5252.666666666667,6403529.488764045,368335.872659176,729922.8956925055
Staten Island,2023,2,65.0,18.83,18.83,1.0,1832.6456179775278,70.12359550561797,208.89885782512857
Unknown,2023,2,28.875735294117646,60.30617647058824,4100.82,68.0,399115.762247191,4768.404494382022,45494.24398016165
Bronx,2023,4,26.625225225225226,22.8141325196164,26167.81,1147.0,2546804.159775281,80431.76404494382,300571.2333273329
Brooklyn,2023,4,24.493731915964272,11.23678072713549,62894.07,3975.0,6121218.363370786,278741.2921348314,722419.9575308596
EWR,2023,4,42.60416666666666,21.07,84.28,4.0,8202.622022471909,280.4943820224719,968.0650977222631
Manhattan,2023,4,14.749276338606837,6.63498846143585,159963.00499999998,18742.5,15568534.261910109,1314291.4887640448,1837382.5589377296
Queens,2023,4,19.38803131991052,23.351178651326304,365329.19,15645.0,35555971.27842697,1097083.6516853932,4196279.520860764
Staten Island,2023,4,13.473333333333334,3.33,16.65,5.0,1620.4752808988762,350.61797752808985,191.24684239529756
Unknown,2023,4,19.22930107526882,7.5159677419354844,465.99,62.0,45352.869438202244,4347.662921348314,5352.499464731815
Bronx,2023,6,23.64266211604096,101.2686604095563,118686.87,1172.0,11551299.63977528,82184.85393258426,1392765.5658438648
Brooklyn,2023,6,28.1945664696919,22.77368770208496,157623.605,4485.0,15340850.185505617,314504.3258426966,1849679.9975277372
Manhattan,2023,6,15.18682192095804,9.430989526142412,292875.18,17759.5,28504323.698426966,1245359.9943820224,3436828.907817046
Queens,2023,6,18.035896031166303,11.74184055677299,150003.76666666666,5478.333333333333,14599242.99850187,384160.4307116104,1760262.7903171685
Staten Island,2023,6,33.05238095238095,16.675714285714285,116.73,7.0,11360.845617977528,490.8651685393258,1369.8021061719323
Unknown,2023,6,18.47777777777777,6.020864197530864,487.69,81.0,47464.8402247191,5680.011235955056,5722.940025349008
