borough,year,month,average_trip_duration,average_trip_distance,total_miles,total_trips
Bronx,2014,1,12.20979597124166,2.7517056804197164,212417.92,77195.0
Brooklyn,2014,1,14.44056791980208,3.1775148465385548,616924.04,194153.0
EWR,2014,1,16.23095238095238,9.175714285714289,128.46,14.0
Manhattan,2014,1,12.435306664360784,2.785084759197409,773003.06,277551.0
Queens,2014,1,12.481007803097397,2.7882414077934468,654857.53,234864.0
Staten Island,2014,1,11.49976076555024,3.4519138755980863,721.45,209.0
Unknown,2014,1,321.09615716753024,3.956411917098445,6108.7,1544.0
Bronx,2014,2,12.888192377980326,2.713891868386723,318293.38,117283.0
Brooklyn,2014,2,15.560832533209869,3.1963731826444683,842247.53,263501.0
EWR,2014,2,13.10701754385965,6.8500000000000005,130.15,19.0
Manhattan,2014,2,13.064907738187692,2.7287598707713334,878415.09,321910.0
Queens,2014,2,12.89825550809366,2.7720802086265066,778103.51,280693.0
Staten Island,2014,2,13.119729514717582,3.5787589498806684,1499.5,419.0
Unknown,2014,2,357.59074550128537,4.128622107969152,8030.17,1945.0
Bronx,2014,3,13.628334989254643,2.762956726062268,380981.34,137889.0
Brooklyn,2014,3,17.00471710716648,3.2764372861304745,1185369.14,361786.0
EWR,2014,3,10.916666666666668,8.701428571428572,121.82,14.0
Manhattan,2014,3,14.072933088325955,2.799076377868197,1172910.97,419035.0
Queens,2014,3,14.087717682295237,2.846473546817164,996630.09,350128.0
Staten Island,2014,3,19.23132854578097,3.8203052064631953,2127.91,557.0
Unknown,2014,3,372.147579500284,4.006482112436116,9407.22,2348.0
Bronx,2014,4,15.082121671695088,2.822310627450348,349859.27,123962.0
Brooklyn,2014,4,17.79542084380261,3.33458861450217,1313861.26,394010.0
EWR,2014,4,8.284090909090908,5.990909090909091,131.8,22.0
Manhattan,2014,4,14.469683819609411,2.805259271710622,1134831.17,404537.0
Queens,2014,4,15.11949546221967,2.9051574321668943,1057102.54,363871.0
Staten Island,2014,4,23.18991981672394,3.7037113402061856,1077.78,291.0
Unknown,2014,4,294.3263475036419,4.171458085021851,10499.56,2517.0
Bronx,2014,5,15.730363959354792,2.894017736090386,339395.93,117275.0
Brooklyn,2014,5,18.545001674572543,3.4304478003997083,1567141.76,456833.0
EWR,2014,5,165.9604938271605,11.48148148148148,310.0,27.0
Manhattan,2014,5,15.340772703299034,2.9046771573556533,1240982.65,427236.0
Queens,2014,5,15.939841637018132,3.053145317626944,1214281.69,397715.0
Staten Island,2014,5,21.849676375404528,7.243009708737864,746.03,103.0
Unknown,2014,5,300.74076730418943,4.228148907103825,12380.02,2928.0
Bronx,2014,6,15.908487313334426,2.9570985825799165,306470.74,103639.0
Brooklyn,2014,6,18.40611634963231,3.4639360604480336,1547676.24,446797.0
EWR,2014,6,109.68928571428572,10.94,153.16,14.0
Manhattan,2014,6,14.826561406280794,2.905769995310812,1140200.9,392392.0
Queens,2014,6,15.603477407012376,3.02629972386398,1132111.49,374091.0
Staten Island,2014,6,25.5715,9.0597,905.97,100.0
Unknown,2014,6,314.75311942959,4.471386809269162,12542.24,2805.0
Bronx,2014,7,15.344037970138432,2.961016116043883,283129.4,95619.0
Brooklyn,2014,7,17.559913679321028,3.428073341244757,1458799.47,425545.0
EWR,2014,7,22.13205128205129,15.599230769230768,202.79,13.0
Manhattan,2014,7,14.259611390542894,2.8844632916975548,1085593.72,376359.0
Queens,2014,7,14.97102162818455,3.022563924839206,1077108.79,356356.0
Staten Island,2014,7,48.28333333333333,10.013333333333332,600.8,60.0
Unknown,2014,7,265.4363012867201,4.248903860160233,11667.49,2746.0
Bronx,2014,8,15.912869831870571,3.0062049275668814,284296.8,94570.0
Brooklyn,2014,8,16.727381844662677,3.4309153046188965,1611281.34,469636.0
EWR,2014,8,2.33030303030303,5.499090909090909,120.98,22.0
Manhattan,2014,8,13.963546870981068,2.913446792258708,1121376.93,384897.0
Queens,2014,8,15.091579906113322,3.162033537318618,1183264.57,374210.0
Staten Island,2014,8,14.78523592085236,5.125799086757991,1122.55,219.0
Unknown,2014,8,106.40555014605648,4.341616358325219,8917.68,2054.0
Bronx,2014,9,15.911196603374814,2.9948505703035977,265454.57,88637.0
Brooklyn,2014,9,16.70408859741621,3.3794227101159926,1592799.65,471323.0
EWR,2014,9,147.81410256410257,9.10923076923077,118.42,13.0
Manhattan,2014,9,13.853953147332986,2.8260307017000623,1140843.16,403691.0
Queens,2014,9,14.579053762758308,3.061982824059013,1157695.9,378087.0
Staten Island,2014,9,38.289550264550265,5.87047619047619,1479.36,252.0
Unknown,2014,9,32.20759623259623,3.9322113022113023,6401.64,1628.0
Bronx,2014,10,14.424028434992582,2.8282383515067515,261190.64,92351.0
Brooklyn,2014,10,16.556498053411563,3.300647168376246,1731496.4,524593.0
EWR,2014,10,9.79404761904762,7.933571428571429,111.07,14.0
Manhattan,2014,10,13.999968712594107,2.791062594434548,1280123.65,458651.0
Queens,2014,10,14.17367598270921,2.905248436290289,1140763.23,392656.0
Staten Island,2014,10,16.948342541436464,5.412430939226519,979.65,181.0
Unknown,2014,10,29.208833522083808,4.180713476783692,7383.14,1766.0
Bronx,2014,11,13.339954919463064,2.824930760180898,261727.01,92649.0
Brooklyn,2014,11,16.26710165445406,3.227377557631101,1828280.34,566491.0
EWR,2014,11,5.064102564102565,4.423076923076923,57.5,13.0
Manhattan,2014,11,13.261628510402304,2.7638175270108043,1240918.14,448987.0
Queens,2014,11,13.380307905169165,2.808806398163133,1164584.5,414619.0
Staten Island,2014,11,19.574186046511628,5.079162790697675,1092.02,215.0
Unknown,2014,11,13.802045328911,3.702587064676617,6697.9800000000005,1809.0
Bronx,2014,12,13.475367274062208,2.801221165398478,279785.97,99880.0
Brooklyn,2014,12,16.096206566676923,3.202549755154467,1914894.17,597928.0
EWR,2014,12,11.27543859649123,14.721052631578948,279.7,19.0
Manhattan,2014,12,13.208827766283244,2.717468500416827,1258247.7,463022.0
Queens,2014,12,13.346717046155645,2.72998175386334,1246332.22,456535.0
Staten Island,2014,12,15.08542857142857,3.930257142857143,1375.59,350.0
Unknown,2014,12,17.70088816385717,3.48994562262099,6418.01,1839.0
Bronx,2015,1,13.067909907851648,2.769404386566141,242433.66,87540.0
Brooklyn,2015,1,14.970981175960558,3.051936612169032,1722412.31,564367.0
EWR,2015,1,15.310256410256413,14.640769230769232,190.33,13.0
Manhattan,2015,1,12.495766998662177,2.61150850606706,1114625.78,426813.0
Queens,2015,1,12.636540039748065,2.695255396145822,1090360.18,404548.0
Staten Island,2015,1,28.600797872340426,5.324893617021277,1001.08,188.0
Unknown,2015,1,14.4267658315936,3.8592379958246346,7394.3,1916.0
Bronx,2015,2,13.853029792065378,2.7261761556685298,323354.48,118611.0
Brooklyn,2015,2,15.91079003790006,3.079322779243624,1743592.62,566226.0
EWR,2015,2,21.548717948717947,14.984615384615385,194.8,13.0
Manhattan,2015,2,13.408125962166276,2.6090020576131687,1161465.1,445176.0
Queens,2015,2,13.346470687511736,2.682985350292733,1128707.79,420691.0
Staten Island,2015,2,16.64326797385621,4.397882352941177,1121.46,255.0
Unknown,2015,2,12.857761732851984,3.698731304796287,7171.84,1939.0
Bronx,2015,3,14.715358850719298,2.7855513043217828,372027.09,133556.0
Brooklyn,2015,3,16.32959239456027,3.1179060060850365,1942979.25,623168.0
EWR,2015,3,27.23809523809524,12.534285714285716,87.74000000000001,7.0
Manhattan,2015,3,13.567983530135429,2.647097896515618,1276682.08,482295.0
Queens,2015,3,13.726124031348483,2.7006272774024533,1228823.22,455014.0
Staten Island,2015,3,26.7982905982906,5.873479853479854,1603.46,273.0
Unknown,2015,3,17.170886879263843,4.207163255592575,8839.25,2101.0
Bronx,2015,4,15.101412899940446,2.9383063325881875,340435.11,115861.0
Brooklyn,2015,4,16.56509045723795,3.1977287203099887,1945939.44,608538.0
EWR,2015,4,3.4296296296296296,10.143333333333334,91.29,9.0
Manhattan,2015,4,13.57268321465278,2.681612653025664,1261942.78,470591.0
Queens,2015,4,13.701224661461278,2.80438884236732,1239119.21,441850.0
Staten Island,2015,4,26.571991701244816,6.825020746887967,1644.83,241.0
Unknown,2015,4,21.691868540051683,4.8575678294573645,10026.02,2064.0
Bronx,2015,5,15.447515207240938,2.971851541985239,358764.89,120721.0
Brooklyn,2015,5,16.957831729970337,3.2953306756246903,2174809.5,659967.0
EWR,2015,5,22.83,12.425,124.25,10.0
Manhattan,2015,5,14.118459232079749,2.764412578264849,1365166.45,493836.0
Queens,2015,5,14.14800146275624,2.9096468498351813,1406994.65,483562.0
Staten Island,2015,5,26.376148148148147,5.7340888888888895,1290.17,225.0
Unknown,2015,5,22.025345548055288,5.136562198649951,10653.23,2074.0
Bronx,2015,6,15.313227935696796,2.9769123752982507,316904.23,106454.0
Brooklyn,2015,6,16.509327461345347,3.180607520198881,1903746.27,598548.0
EWR,2015,6,11.35,8.62375,137.98,16.0
Manhattan,2015,6,13.749523850295867,2.69750409445569,1228696.93,455494.0
Queens,2015,6,14.050589707354412,2.8138377053524115,1274330.82,452880.0
Staten Island,2015,6,38.84896907216495,6.467628865979382,1254.72,194.0
Unknown,2015,6,20.96402784940691,4.502686952037132,8730.71,1939.0
Bronx,2015,7,14.489622937613124,3.051655036042728,291680.24,95581.0
Brooklyn,2015,7,15.937318321781866,3.255802818058139,1823581.67,560102.0
EWR,2015,7,19.00925925925926,11.957777777777778,107.62,9.0
Manhattan,2015,7,13.008089664999046,2.721445310597398,1173359.31,431153.0
Queens,2015,7,13.451541137069952,2.876915537491852,1240143.35,431067.0
Staten Island,2015,7,16.591256830601093,5.688360655737705,1040.97,183.0
Unknown,2015,7,18.27910241202056,4.598303677342823,7752.74,1686.0
Bronx,2015,8,14.939164566119205,3.167694672710215,280242.78,88469.0
Brooklyn,2015,8,15.60116176015939,3.269720208855759,1903696.5,582220.0
EWR,2015,8,14.803703703703702,12.76,114.84,9.0
Manhattan,2015,8,12.783351272734278,2.7572997950814737,1145070.76,415287.0
Queens,2015,8,13.451940378802716,2.973826771021852,1260334.55,423809.0
Staten Island,2015,8,19.74972222222222,6.396888888888889,1151.44,180.0
Unknown,2015,8,21.040522676428715,5.724240390482001,9382.03,1639.0
Bronx,2015,9,20.321540048748208,3.0777140954659234,249593.38,81097.0
Brooklyn,2015,9,22.412212717838457,3.213822648910911,1805673.4,561846.0
EWR,2015,9,8.505128205128205,8.974615384615385,116.67,13.0
Manhattan,2015,9,17.982344737959966,2.705310256125327,1144229.91,422957.0
Queens,2015,9,20.037304157588693,3.0234065145009863,1229504.54,406662.0
Staten Island,2015,9,19.382456140350875,6.719078947368421,510.65,76.0
Unknown,2015,9,19.676673164392465,4.33929174788824,6678.17,1539.0
Bronx,2015,10,21.797724350836468,2.983808533533231,246787.82,82709.0
Brooklyn,2015,10,24.396363874069227,3.1225371759611256,1942558.48,622109.0
EWR,2015,10,22.642592592592592,12.983333333333333,116.85,9.0
Manhattan,2015,10,20.00058171634212,2.662576508500468,1241005.61,466092.0
Queens,2015,10,21.91348250334414,2.8180544459443326,1227510.7,435588.0
Staten Island,2015,10,12.715503875968992,4.0689534883720935,349.93,86.0
Unknown,2015,10,17.420858838805415,4.315303283249861,7754.6,1797.0
Bronx,2015,11,21.666911944730085,2.931873105327119,219541.59,74881.0
Brooklyn,2015,11,25.3074096849952,3.1434477431988057,1817217.71,578097.0
EWR,2015,11,12.193939393939392,5.756363636363637,63.32,11.0
Manhattan,2015,11,20.02528646746033,2.6554987054979597,1174407.58,442255.0
Queens,2015,11,22.46138945960732,2.773373436265272,1140619.16,411275.0
Staten Island,2015,11,35.40441919191919,4.731212121212121,624.52,132.0
Unknown,2015,11,19.187135539795115,4.704338061465721,7959.74,1692.0
Bronx,2015,12,21.88119967793881,2.973121144555927,240020.07,80730.0
Brooklyn,2015,12,23.43847725567816,3.118250790810885,1885790.23,604759.0
EWR,2015,12,15.50897435897436,7.716153846153846,100.31,13.0
Manhattan,2015,12,19.26633260877353,2.636460192713897,1201985.93,455909.0
Queens,2015,12,21.77254996302939,2.746469344513366,1215845.5,442694.0
Staten Island,2015,12,28.42871376811594,7.342010869565217,1350.93,184.0
Unknown,2015,12,17.487313296903462,5.172420765027323,9465.53,1830.0
Bronx,2016,1,21.575626244112023,2.9536606456571866,199821.05,67652.0
Brooklyn,2016,1,23.625829595138395,3.0111307817711053,1695585.81,563106.0
EWR,2016,1,2.6583333333333337,6.6425,26.57,4.0
Manhattan,2016,1,19.064625305495543,2.5463026346363966,1030065.99,404534.0
Queens,2016,1,21.318949486915287,2.705958944614741,1047836.6,387233.0
Staten Island,2016,1,36.72900976290098,7.480251046025105,1787.78,239.0
Unknown,2016,1,19.30317170663886,4.648138686131387,8915.13,1918.0
Bronx,2016,2,21.71016286040158,2.908969390732341,219342.11,75402.0
Brooklyn,2016,2,23.42272205095184,2.995260087691208,1730388.71,577709.0
EWR,2016,2,27.716666666666665,28.4825,113.93,4.0
Manhattan,2016,2,18.842591990070435,2.5310313748350595,1120193.99,442584.0
Queens,2016,2,21.0308792471148,2.6597275035389973,1046530.96,393473.0
Staten Island,2016,2,45.182767295597486,9.093509433962264,2409.78,265.0
Unknown,2016,2,17.33356871678056,4.281157175398633,9397.14,2195.0
Bronx,2016,3,21.939017405490414,2.916396723120078,248485.75,85203.0
Brooklyn,2016,3,23.76700991897178,3.075094165968147,1834293.67,596500.0
EWR,2016,3,112.52435897435898,4.586153846153847,59.620000000000005,13.0
Manhattan,2016,3,18.562936088630856,2.575096852378981,1187812.35,461269.0
Queens,2016,3,21.34824829038202,2.730756165330115,1122362.63,411008.0
Staten Island,2016,3,63.14608843537415,7.674540816326531,1504.21,196.0
Unknown,2016,3,20.42129679869777,4.97517091698318,9169.24,1843.0
Bronx,2016,4,23.26382734149244,3.04932190209077,239188.81,78440.0
Brooklyn,2016,4,24.078913835271663,3.1073157725463143,1864659.8,600087.0
EWR,2016,4,4.666666666666667,5.6075,44.86,8.0
Manhattan,2016,4,18.918489301300987,2.59088898515593,1124388.82,433978.0
Queens,2016,4,21.92723586479629,2.787989598335342,1140212.47,408973.0
Staten Island,2016,4,27.24182242990654,5.828598130841121,1247.32,214.0
Unknown,2016,4,18.366769483857706,4.526212214682295,7336.99,1621.0
Bronx,2016,5,24.59010699226439,3.144909958544941,235934.29,75021.0
Brooklyn,2016,5,26.37963664375731,3.1718284502545973,1923549.02,606448.0
EWR,2016,5,1.2351851851851852,7.25,65.25,9.0
Manhattan,2016,5,20.71635346510607,2.656437815848225,1137518.55,428212.0
Queens,2016,5,23.17267449458399,2.852528769075617,1156863.01,405557.0
Staten Island,2016,5,30.50027322404372,6.001844262295082,1464.45,244.0
Unknown,2016,5,18.477096705177576,4.4886713735558414,6993.35,1558.0
Bronx,2016,6,24.639894822127864,3.15659679815151,210384.02,66649.0
Brooklyn,2016,6,25.908610504190055,3.139082833199657,1702497.27,542355.0
EWR,2016,6,4.661111111111111,6.88,61.92,9.0
Manhattan,2016,6,20.58827919910072,2.618902025913436,1032868.77,394390.0
Queens,2016,6,23.398617475799583,2.863423084199573,1089738.65,380572.0
Staten Island,2016,6,41.85179677819083,7.037434944237918,1893.07,269.0
Unknown,2016,6,22.013970773494584,4.868715041572185,6441.31,1323.0
Bronx,2016,7,24.194088096498568,3.246856225558004,190126.16,58557.0
Brooklyn,2016,7,24.530474603365523,3.162610822912261,1630205.7,515462.0
EWR,2016,7,8.868518518518519,14.284444444444444,128.56,9.0
Manhattan,2016,7,19.757923838389832,2.6458916306900764,981210.39,370843.0
Queens,2016,7,22.628386010925382,2.8944541169221707,1061659.72,366791.0
Staten Island,2016,7,36.02181818181818,9.498945454545456,2612.21,275.0
Unknown,2016,7,22.577805486284287,5.179866999168745,6231.38,1203.0
Bronx,2016,8,22.61229227945798,3.262420431405084,173025.73,53036.0
Brooklyn,2016,8,23.568161893261887,3.1698479302667826,1512074.52,477018.0
EWR,2016,8,26.697222222222223,18.118333333333336,108.71,6.0
Manhattan,2016,8,19.044723007565477,2.615604882591184,932546.84,356532.0
Queens,2016,8,22.39188347276271,2.904859374954248,992041.43,341511.0
Staten Island,2016,8,36.986626746506985,6.911497005988024,1154.22,167.0
Unknown,2016,8,19.136131386861315,5.056815693430657,5542.27,1096.0
Bronx,2016,9,22.8923559139577,3.1618696215505406,163503.44,51711.0
Brooklyn,2016,9,24.77381249753656,3.0459162281738994,1236447.05,405936.0
EWR,2016,9,13.950000000000005,10.48,31.44,3.0
Manhattan,2016,9,20.323905853727798,2.5795648191711185,926597.74,359207.0
Queens,2016,9,22.95939928592832,2.924909511983301,959852.93,328165.0
Staten Island,2016,9,21.51885521885522,6.241666666666666,1235.85,198.0
Unknown,2016,9,20.19072375127421,4.207186544342508,4127.25,981.0
Bronx,2016,10,21.57421350375261,3.078939605552734,145498.37,47256.0
Brooklyn,2016,10,23.828001174843028,3.02092365215507,1366239.91,452259.0
EWR,2016,10,6.641666666666667,1.2,2.4,2.0
Manhattan,2016,10,19.398341567056796,2.596179630235687,999534.35,385002.0
Queens,2016,10,21.342889357098112,2.7194299299584306,955118.18,351220.0
Staten Island,2016,10,49.70777153558053,7.935337078651686,1412.49,178.0
Unknown,2016,10,20.927571251548947,4.539330855018587,4884.32,1076.0
Bronx,2016,11,22.166915382908225,2.9973280988130493,130554.62,43557.0
Brooklyn,2016,11,22.3684008179053,2.9065108888566145,1180743.89,406241.0
EWR,2016,11,0.2733333333333333,5.518,27.59,5.0
Manhattan,2016,11,17.98320154712763,2.519773104547316,910756.87,361444.0
Queens,2016,11,20.315791167439748,2.591076739274875,830644.79,320579.0
Staten Island,2016,11,17.649891774891778,6.3100000000000005,971.74,154.0
Unknown,2016,11,18.913553113553117,4.152737262737263,4156.89,1001.0
Bronx,2016,12,21.530601972453425,2.9252517101891264,138121.61,47217.0
Brooklyn,2016,12,22.443614174999297,2.842164976712368,1213138.33,426836.0
EWR,2016,12,6.147619047619047,8.02142857142857,56.15,7.0
Manhattan,2016,12,17.839917511521143,2.474906962412021,935695.5,378073.0
Queens,2016,12,21.74739938187908,2.563925921133322,911439.77,355486.0
Staten Island,2016,12,28.278063725490195,8.342941176470587,1134.64,136.0
Unknown,2016,12,17.068466424682395,4.491996370235935,4950.18,1102.0
Bronx,2017,1,20.854523692662724,2.9125060060447936,112746.02,38711.0
Brooklyn,2017,1,21.43533031045816,2.794395803476568,1070474.35,383079.0
EWR,2017,1,33.77222222222222,15.703333333333331,47.11,3.0
Manhattan,2017,1,16.653313607404197,2.39618395923308,801727.21,334585.0
Queens,2017,1,20.196401130718105,2.536623696257729,758559.56,299043.0
Staten Island,2017,1,41.46650793650794,6.039142857142857,634.11,105.0
Unknown,2017,1,17.92789661319073,4.008417112299465,3747.87,935.0
Bronx,2017,2,20.984863030739795,2.8622610866599745,111207.43,38853.0
Brooklyn,2017,2,22.01373960026112,2.838203730711002,1021710.77,359985.0
EWR,2017,2,4.45,1.89,9.45,5.0
Manhattan,2017,2,17.28445513164033,2.439586629062436,796668.97,326559.0
Queens,2017,2,20.683785977564387,2.542775515537646,719989.43,283151.0
Staten Island,2017,2,37.84009900990099,7.913267326732673,799.24,101.0
Unknown,2017,2,19.21288047512992,3.797917594654789,3410.53,898.0
Bronx,2017,3,21.360651379195748,2.849013559322034,142878.03,50150.0
Brooklyn,2017,3,21.48095292818007,2.7747511226111303,1122766.97,404637.0
EWR,2017,3,17.633333333333333,18.212,91.06,5.0
Manhattan,2017,3,17.545360336820064,2.417197427396677,874196.37,361657.0
Queens,2017,3,21.005841644065963,2.4939561536153985,814740.56,326686.0
Staten Island,2017,3,20.76982142857143,5.0494642857142855,1413.85,280.0
Unknown,2017,3,17.74020292747838,3.156816367265469,3163.13,1002.0
Bronx,2017,4,22.0943700741771,3.0733049374130736,123743.55,40264.0
Brooklyn,2017,4,21.92867307492736,2.894561124948111,1115679.64,385440.0
EWR,2017,4,4.183333333333334,5.968,29.84,5.0
Manhattan,2017,4,17.37092325659289,2.4545936076307684,828108.7,337371.0
Queens,2017,4,21.78704370019306,2.653640301398788,806836.68,304049.0
Staten Island,2017,4,39.747906602254425,6.594299516908213,1365.02,207.0
Unknown,2017,4,20.79699391171994,3.7560730593607303,3290.32,876.0
Bronx,2017,5,21.012812723223664,3.098688264212782,122909.47,39665.0
Brooklyn,2017,5,22.515474429523657,2.9048923164384397,1052610.97,362358.0
EWR,2017,5,2.0866666666666664,13.034,65.17,5.0
Manhattan,2017,5,17.699312633867013,2.47192354231489,829409.45,335532.0
Queens,2017,5,21.703545538420983,2.6484006184003266,817132.23,308538.0
Staten Island,2017,5,25.346278317152105,4.787766990291262,986.28,206.0
Unknown,2017,5,17.41120527306968,4.07187570621469,3603.61,885.0
Bronx,2017,6,22.50914720175576,3.1706155614777654,121352.14,38274.0
Brooklyn,2017,6,22.2841557766468,2.9466696485777493,975005.84,330884.0
EWR,2017,6,0.29,11.644,58.22,5.0
Manhattan,2017,6,17.623508171428202,2.4946061767051093,769620.93,308514.0
Queens,2017,6,21.52772903700496,2.7007851998798555,773294.22,286322.0
Staten Island,2017,6,19.63115942028985,5.123115942028986,706.99,138.0
Unknown,2017,6,13.413338192419824,3.668177842565597,2516.37,686.0
Bronx,2017,7,23.971889534043967,3.36088135886992,116343.63,34617.0
Brooklyn,2017,7,21.838040009488417,3.010344967185893,951795.82,316175.0
EWR,2017,7,22.23,10.154,50.77,5.0
Manhattan,2017,7,16.883227923922007,2.5270924971988697,717224.23,283814.0
Queens,2017,7,21.46128252024192,2.7990401585332694,751433.12,268461.0
Staten Island,2017,7,21.06172413793104,4.969310344827586,720.55,145.0
Unknown,2017,7,16.6050022737608,3.873178717598909,2839.04,733.0
Bronx,2017,8,16.077194098379834,2.895044159794116,58732.060000000005,17098.0
Brooklyn,2017,8,39.31232568986619,2.979127701312868,445776.81,146996.0
EWR,2017,8,0.1666666666666666,0.01,0.01,1.0
Manhattan,2017,8,30.572819004213198,2.472221421259316,227344.40000000002,91590.33333333333
Queens,2017,8,12.297870896619214,2.7348026463656563,241856.90333333335,84613.33333333333
Staten Island,2017,8,28.91650485436893,6.381941747572816,657.34,103.0
Unknown,2017,8,12.346983879355175,3.39811232449298,2178.19,641.0
Bronx,2017,9,174.27713814554795,1.9826013424198807,29452.732500000002,8512.0
Brooklyn,2017,9,31.272848031369218,2.8349439615023333,152118.36833333335,49759.166666666664
Manhattan,2017,9,207.7202144689007,2.139382029670719,114435.86333333334,46403.5
Queens,2017,9,15.624090682814321,3.584668297907546,259272.0,87082.33333333333
Staten Island,2017,9,36.91684782608696,5.5691304347826085,512.36,92.0
Unknown,2017,9,17.34736231884058,3.704730434782608,2130.22,575.0
Bronx,2017,10,118.49711725663717,3.925698451327434,26102.162,7233.0
Brooklyn,2017,10,65.91612741044608,2.8690828661626813,197442.712,64034.0
EWR,2017,10,6.948148148148148,5.058888888888889,45.53,9.0
Manhattan,2017,10,158.51075327623573,1.9916974018772358,120958.21333333333,49023.0
Queens,2017,10,53.99813911498412,3.1041708913442556,100910.77571428572,37723.71428571428
Staten Island,2017,10,30.84351851851852,5.765303030303031,1141.53,198.0
Unknown,2017,10,13.247538158542593,3.191447562776957,2160.61,677.0
Bronx,2017,11,17.657212452233757,2.9367314386891543,56206.515,16661.5
Brooklyn,2017,11,22.238223717193573,2.7785074695928635,148128.08833333335,49102.0
EWR,2017,11,0.6148148148148148,8.318888888888889,74.87,9.0
Manhattan,2017,11,56.43937489597389,2.062586638606123,135996.48799999998,55707.2
Queens,2017,11,126.97766864112668,3.1352168580321775,168011.48,64193.0
Staten Island,2017,11,39.22516556291391,4.292781456953643,648.21,151.0
Unknown,2017,11,15.466042345276872,3.9262214983713353,2410.7,614.0
Bronx,2017,12,183.02938099364923,3.0510735342286273,31291.607500000002,9163.5
Brooklyn,2017,12,19.16568138995488,3.81995720235434,297757.7733333334,99037.66666666667
EWR,2017,12,13.003333333333334,8.489999999999998,42.45,5.0
Manhattan,2017,12,100.62689796350418,2.721026138599891,115236.61166666665,47795.166666666664
Queens,2017,12,57.67771125028304,4.974945367728681,142564.948,54875.4
Staten Island,2017,12,13.251405622489958,4.593132530120482,381.23,83.0
Unknown,2017,12,20.84910118130457,3.4766563944530047,2256.35,649.0
Bronx,2018,1,14.972985642996193,3.9496143076096115,29914.02,8606.0
Brooklyn,2018,1,14.183653371222343,2.3670357186980144,260528.89,87202.33333333333
EWR,2018,1,17.42777777777778,9.18,27.54,3.0
Manhattan,2018,1,194.34281670458063,1.806404939506125,101610.84999999999,42931.5
Queens,2018,1,92.07377143539868,9.65881485745303,149891.51499999998,57310.25
Staten Island,2018,1,35.672051282051285,5.364461538461539,348.69,65.0
Unknown,2018,1,12.123407544836116,3.1529128014842303,1699.42,539.0
Bronx,2018,2,97.56728334375302,3.0892675976476447,24454.392,6967.2
Brooklyn,2018,2,132.32532050052708,2.8780990847285643,128112.71166666667,41978.0
EWR,2018,2,0.4916666666666667,0.32,0.64,2.0
Manhattan,2018,2,22.241335312036703,2.0423643977343966,89115.72142857143,36940.142857142855
Queens,2018,2,35.99938137812733,5.721786241771961,64297.911111111105,23947.0
Staten Island,2018,2,26.328651685393258,8.332921348314606,741.63,89.0
Unknown,2018,2,6.2510147601476005,6.773717712177122,963.65,271.5
Bronx,2018,3,188.03028999092763,11.53312957811641,46832.52250000001,10765.5
Brooklyn,2018,3,125.8967249137922,3.539878529181999,179307.484,53866.2
EWR,2018,3,6.25,2.265,4.53,2.0
Manhattan,2018,3,93.15617053329268,2.3230452904876517,97500.78857142858,39322.0
Queens,2018,3,11.895898251815376,2.918820435752753,97594.68142857145,34156.57142857143
Staten Island,2018,3,52.383859649122805,12.08042105263158,1147.64,95.0
Unknown,2018,3,15.569758539458189,4.191095406360424,2372.16,566.0
Bronx,2018,4,182.97317303418998,4.118325425650928,42209.812,8703.0
Brooklyn,2018,4,158.24563592339297,4.777761562536224,152062.035,43138.5
EWR,2018,4,13.416666666666664,5.453333333333333,16.36,3.0
Manhattan,2018,4,118.71968176552124,3.8505586458461076,93920.49285714285,37377.71428571428
Queens,2018,4,83.11043940354651,2.0091847845475126,114093.11,37618.666666666664
Staten Island,2018,4,36.09245014245014,12.13,1419.21,117.0
Unknown,2018,4,15.940770609318998,3.8636379928315407,2155.91,558.0
Bronx,2018,5,44.31979568075383,2.6547691491843963,80026.83,15716.333333333334
Brooklyn,2018,5,301.4866036940683,2.316728827261034,185513.75400000002,50226.4
Manhattan,2018,5,92.66954794594496,4.6436196897522395,133007.52,50639.0
Queens,2018,5,144.97930019364293,2.2154041978395416,182987.0825,58673.0
Staten Island,2018,5,67.55353535353535,13.185151515151514,1305.33,99.0
Unknown,2018,5,17.26618731563422,4.159314159292036,1880.01,452.0
Bronx,2018,6,376.4249230338651,3.72480010900467,78515.57333333333,15086.666666666666
Brooklyn,2018,6,189.96993087193317,3.8872991464666007,171208.574,45690.0
EWR,2018,6,0.1277777777777777,2.643333333333333,7.93,3.0
Manhattan,2018,6,220.01257072863706,2.5501417061560616,124665.56399999998,47135.6
Queens,2018,6,151.47712322506138,2.8298735064655953,119602.72333333333,36713.666666666664
Staten Island,2018,6,47.503900709219856,14.049680851063831,1320.67,94.0
Unknown,2018,6,21.64898785425101,4.640607287449392,2292.46,494.0
Bronx,2018,7,140.6223046049852,4.999354372623574,52939.8125,9863.25
Brooklyn,2018,7,67.16860003667806,4.0516000339916065,165090.95399999997,43274.4
Manhattan,2018,7,159.43392651419086,3.5401926619091255,112913.06600000002,43217.2
Queens,2018,7,194.95985844529227,2.285914973767595,110133.37333333334,33991.666666666664
Staten Island,2018,7,45.35864197530864,15.422814814814814,2082.08,135.0
Unknown,2018,7,18.88723628691983,3.918206751054852,1857.23,474.0
Bronx,2018,8,61.94665045648484,5.029326260494564,48824.848,8720.4
Brooklyn,2018,8,87.31893505109923,6.098233561132417,103810.69,25785.75
EWR,2018,8,0.2583333333333333,9.0,18.0,2.0
Manhattan,2018,8,35.00274076854498,3.06110676197605,112039.504,42178.4
Queens,2018,8,160.70803372645983,3.158748450581409,59078.085,17183.166666666668
Staten Island,2018,8,49.46099290780141,15.722340425531916,2955.8,188.0
Unknown,2018,8,19.51409844836811,3.725216693418941,2320.81,623.0
Bronx,2018,9,277.15519135926445,3.0547518689607465,51659.902,8963.4
Brooklyn,2018,9,47.474649982826584,3.0954731324869806,124550.31571428571,30815.0
EWR,2018,9,0.5666666666666667,1.905,3.81,2.0
Manhattan,2018,9,165.4178850227849,3.720777266519625,80348.30142857143,30116.0
Queens,2018,9,139.7259694188856,3.6239108568199474,67337.34,18373.272727272728
Staten Island,2018,9,49.2590395480226,16.664745762711863,3932.88,236.0
Unknown,2018,9,21.40536062378168,4.68608187134503,2403.96,513.0
Bronx,2018,10,159.13779412931407,4.920816941427238,103482.12333333334,17586.666666666668
Brooklyn,2018,10,32.557105383642835,6.597301136801177,251679.3225,59521.75
EWR,2018,10,0.1916666666666666,0.195,0.39,2.0
Manhattan,2018,10,96.34367820212746,3.08326177081398,67049.48222222223,24789.88888888889
Queens,2018,10,144.3607240311268,3.044000356082381,103292.43142857142,29769.85714285714
Staten Island,2018,10,48.93167388167388,14.292034632034632,3301.46,231.0
Unknown,2018,10,127.520305907173,2.689356540084388,1272.39,237.5
Bronx,2018,11,60.105954075193836,5.280636712153402,48721.755,8161.166666666667
Brooklyn,2018,11,190.65267555377272,4.124516917234223,178684.002,42345.0
EWR,2018,11,0.0916666666666666,0.0499999999999999,0.0999999999999999,2.0
Manhattan,2018,11,75.58292030792323,4.243512687552653,68419.20375,25641.5
Queens,2018,11,64.31067031639292,4.769959547446309,75910.17555555556,22067.555555555555
Staten Island,2018,11,48.299343832021,15.037165354330709,3819.44,254.0
Unknown,2018,11,18.02140562248996,6.003349397590362,2491.39,415.0
Bronx,2018,12,81.73054171841326,3.587954966760419,86589.955,13691.5
Brooklyn,2018,12,76.12539951387822,4.221037538162995,248680.3025,57118.75
EWR,2018,12,0.0666666666666666,0.1649999999999999,0.3299999999999999,2.0
Manhattan,2018,12,57.61070568043227,3.2758331464752994,192592.02000000002,71281.33333333333
Queens,2018,12,14.499776728618064,2.8697854406000545,125240.89166666666,35166.166666666664
Staten Island,2018,12,51.1143504531722,15.443383685800605,5111.76,331.0
Unknown,2018,12,30.934874759152216,5.393198458574181,2799.07,519.0
Bronx,2019,1,105.92714813935413,3.357585176526456,115616.36333333334,18252.333333333332
Brooklyn,2019,1,15.317946518156912,3.319934952530716,237936.645,53104.25
EWR,2019,1,48.05,12.753333333333336,38.260000000000005,3.0
Manhattan,2019,1,74.11283394492182,3.3741079987635465,138651.1825,51563.75
Queens,2019,1,100.95098953986357,3.287400292259761,139383.2,37323.6
Staten Island,2019,1,49.938148148148144,16.86580952380952,5312.73,315.0
Unknown,2019,1,39.11186961869619,5.216273062730627,2827.22,542.0
Bronx,2019,2,14.893607449257166,4.925819855249068,173364.53,27081.5
Brooklyn,2019,2,16.86633765495581,3.459907023327632,177765.51799999998,38319.0
EWR,2019,2,10.054166666666664,12.9875,51.95,4.0
Manhattan,2019,2,145.3112502139986,1.8627717646060684,72378.02142857143,26944.85714285714
Queens,2019,2,231.17602808600526,4.0893455426767495,129835.33799999999,33962.6
Staten Island,2019,2,47.779356060606055,17.131193181818183,6030.18,352.0
Unknown,2019,2,18.382604633781764,4.39201793721973,1489.365,223.5
Bronx,2019,3,27.86785540177404,6.2395230791182135,349837.58,56068.0
Brooklyn,2019,3,40.80852751855007,3.207636230735577,149003.35,32782.666666666664
EWR,2019,3,34.983333333333334,16.15,16.15,1.0
Manhattan,2019,3,28.57432587906122,2.718482648459033,133399.6725,49888.75
Queens,2019,3,45.24830279556247,1.66872843304807,138279.40000000002,35846.8
Staten Island,2019,3,52.68855165069223,18.71501597444089,5857.8,313.0
Unknown,2019,3,19.095007680491552,5.787050691244239,2511.58,434.0
Bronx,2019,4,85.73489319874919,3.5131722309083666,125324.335,21747.5
Brooklyn,2019,4,464.0851574752362,14.873940963729979,231454.82666666666,56562.0
Manhattan,2019,4,17.653332002625927,2.6476111495537697,122300.05,46970.25
Queens,2019,4,206.95154954907068,3.181581424192491,93049.17333333332,26131.333333333332
Staten Island,2019,4,48.20014947683109,15.894080717488787,3544.38,223.0
Unknown,2019,4,18.530713640469735,5.880108401084011,2169.76,369.0
Bronx,2019,5,27.172442467440128,5.4498584881119605,209503.46,38442.0
Brooklyn,2019,5,77.97910352188217,3.8538594413801577,153516.885,38665.0
EWR,2019,5,42.9,28.8,28.8,1.0
Manhattan,2019,5,15.011472882831928,2.928604244660508,239416.775,92825.0
Queens,2019,5,248.78562205789677,3.6041318902112174,105770.39200000002,31334.4
Staten Island,2019,5,61.36737726098191,16.960813953488373,4375.89,258.0
Unknown,2019,5,26.14121355397951,7.98224586288416,3376.49,423.0
Bronx,2019,6,12.920426299061498,1.9433508740367604,45219.57,8338.5
Brooklyn,2019,6,49.57470377262746,3.2005740409747747,186145.65666666665,46603.333333333336
EWR,2019,6,0.2333333333333333,26.2,52.4,2.0
Manhattan,2019,6,39.58700765265504,2.0680426731834363,113861.21750000001,43968.0
Queens,2019,6,142.10257448593936,1.8730355005352255,98858.35,29442.8
Staten Island,2019,6,57.11469622331691,16.458128078817733,3341.0,203.0
Unknown,2019,6,28.76819645732689,9.398888888888887,3891.14,414.0
Bronx,2019,7,19.016454257736996,3.469091951825655,85812.945,15693.5
Brooklyn,2019,7,249.77145932234941,4.20238310217506,128587.615,32231.0
EWR,2019,7,43.15833333333333,18.56,37.12,2.0
Manhattan,2019,7,9.597166035638319,2.12465401124926,138040.6366666667,54051.0
Queens,2019,7,214.90395581106532,4.581275035668712,56874.082500000004,16961.375
Staten Island,2019,7,52.73549107142857,19.01205357142857,4258.7,224.0
Unknown,2019,7,26.633418584825236,9.299181585677749,3635.98,391.0
Bronx,2019,8,14.372505294366794,2.9967755717916136,86311.35,15740.5
Brooklyn,2019,8,346.47825939590837,4.315207163304539,123221.60750000001,29781.5
EWR,2019,8,47.7,14.74,14.74,1.0
Manhattan,2019,8,12.425218342638146,2.251470324055042,135059.55333333332,50276.333333333336
Queens,2019,8,104.28359532827946,2.1685024113427365,69838.85428571429,19074.14285714286
Staten Island,2019,8,50.37957746478873,17.910657276995305,3814.97,213.0
Unknown,2019,8,21.669689336691857,7.574256926952141,3006.98,397.0
Bronx,2019,9,25.259492291505627,5.58318249162587,173346.65,31048.0
Brooklyn,2019,9,180.03466873579555,3.1689500823315533,163877.99666666667,40029.0
Manhattan,2019,9,11.668098435029172,2.647746599051202,84323.878,30566.2
Queens,2019,9,130.3248352428599,2.069902684932928,48757.78199999999,13087.6
Staten Island,2019,9,47.08541666666667,17.29173913043478,3181.68,184.0
Unknown,2019,9,22.24963144963145,8.117985257985257,3304.02,407.0
Bronx,2019,10,167.83559171443292,3.9909578026879515,65181.666666666664,11360.333333333334
Brooklyn,2019,10,22.624396100817656,5.737913338985832,269917.82,63985.5
EWR,2019,10,0.5666666666666667,0.0133333333333333,0.04,3.0
Manhattan,2019,10,12.049407769436815,2.0310016291323416,94533.196,33190.2
Queens,2019,10,300.95573912216975,2.753989517858692,78848.86333333333,22407.333333333332
Staten Island,2019,10,52.92982456140351,17.216008771929825,3925.25,228.0
Unknown,2019,10,34.37227722772277,7.516163366336634,3036.53,404.0
Bronx,2019,11,20.209793323317086,5.374323170508264,75847.545,13645.0
Brooklyn,2019,11,124.0081207226327,2.5040646011804806,113947.065,28440.25
EWR,2019,11,0.05,0.04,0.04,1.0
Manhattan,2019,11,14.845935726518867,4.772831056078803,106507.6925,38781.25
Queens,2019,11,108.09951252931837,2.9082303597191883,82851.424,24815.8
Staten Island,2019,11,53.59844771241831,16.361029411764708,3337.65,204.0
Unknown,2019,11,21.83771043771044,6.558964646464646,2597.35,396.0
Bronx,2019,12,15.574357743353392,3.556876840353348,87933.875,15623.0
Brooklyn,2019,12,155.73157627201428,3.5838053880934435,122127.0725,29858.5
EWR,2019,12,58.825,18.4225,73.69,4.0
Manhattan,2019,12,17.079860697770005,3.378483276631182,102163.646,30982.8
Queens,2019,12,57.088462811506716,1.9567281345335412,55622.34249999999,16557.25
Staten Island,2019,12,48.120357142857145,16.573071428571428,2320.23,140.0
Unknown,2019,12,23.795365853658534,6.68509756097561,2740.89,410.0
Bronx,2020,1,14.552891577806848,4.451143021365997,66753.88666666667,11213.0
Brooklyn,2020,1,18.011874468848987,3.3704488254461666,257180.65,61124.0
Manhattan,2020,1,10.855027714843573,2.2379102401613205,109771.5175,37947.5
Queens,2020,1,362.3511821082491,3.5669011381749356,91813.88799999999,24478.2
Staten Island,2020,1,50.8960970464135,18.87405063291139,2982.1,158.0
Unknown,2020,1,21.316585563665857,7.202871046228711,2960.38,411.0
Bronx,2020,2,25.51519917317295,9.482635137659233,90288.18000000001,13385.0
Brooklyn,2020,2,18.145557878341986,4.917620289746868,270305.2133333333,35718.0
EWR,2020,2,12.57222222222222,4.666666666666667,14.0,3.0
Manhattan,2020,2,11.973925080371965,2.7938951293315846,140132.12333333335,48031.333333333336
Queens,2020,2,14.55990487681688,3.5762637571630784,179941.96999999997,35642.333333333336
Staten Island,2020,2,44.58757861635221,18.629056603773584,1974.68,106.0
Unknown,2020,2,24.61323024054983,7.019113402061856,3404.27,485.0
Bronx,2020,3,19.27299007868628,4.441595392861216,41975.90666666667,5847.0
Brooklyn,2020,3,250.8674439263676,8.468845738288381,344706.15,28849.0
Manhattan,2020,3,136.5695545371901,2.4261923141902084,78784.59,16575.2
Queens,2020,3,14.125847391417292,3.9682030165064073,184213.845,28445.0
Staten Island,2020,3,111.81777777777778,20.357666666666667,2442.92,120.0
Unknown,2020,3,26.199753694581283,8.249433497536947,3349.27,406.0
Bronx,2020,4,15.21536729940203,12.447778473091363,54537.375,2399.0
Brooklyn,2020,4,15.04159193810717,5.505056705789267,35565.51500000001,3792.0
EWR,2020,4,47.0,18.73,18.73,1.0
Manhattan,2020,4,12.181474453150509,7.223197845249755,117998.16,16336.0
Queens,2020,4,24.838961726923586,6.901855383392928,34743.94,5034.0
Staten Island,2020,4,131.7731182795699,23.413870967741936,725.83,31.0
Unknown,2020,4,25.81139240506329,11.08746835443038,875.91,79.0
Bronx,2020,5,22.217995130160777,85.69209259856054,797707.6900000001,9309.0
Brooklyn,2020,5,22.3356472818003,38.79253706635958,538983.51,13894.0
Manhattan,2020,5,14.226059004266595,16.518772880171245,378131.23,22891.0
Queens,2020,5,22.127073515551366,52.619614750235634,446635.29,8488.0
Staten Island,2020,5,40.18458049886621,20.01619047619048,2942.38,147.0
Unknown,2020,5,28.92647849462365,14.171572580645162,3514.55,248.0
Bronx,2020,6,25.12406142686268,218.1397488135201,1884509.29,8639.0
Brooklyn,2020,6,23.9719474649548,19.38793397091576,295976.2,15266.0
Manhattan,2020,6,14.859446893174166,7.661649586776861,170474.81,13613.0
Queens,2020,6,24.931780118854675,42.14221926371845,364024.49,8638.0
Staten Island,2020,6,45.08326639892905,22.01068273092369,5480.66,249.0
Unknown,2020,6,31.86937229437229,14.081948051948052,2168.62,154.0
Bronx,2020,7,25.523570468410718,400.46387136800746,3872886.1,9671.0
Brooklyn,2020,7,24.79649766968237,81.53060862413348,1387814.02,17022.0
EWR,2020,7,33.266666666666666,27.2,54.4,2.0
Manhattan,2020,7,14.820965011897037,3.9012757138221934,25662.662500000002,7706.5
Queens,2020,7,24.337644544997488,25.266496040723982,268026.99,10608.0
Staten Island,2020,7,48.61458333333333,20.917410714285715,2342.75,112.0
Unknown,2020,7,32.76293532338309,12.259925373134328,1642.83,134.0
Bronx,2020,8,26.83661828603125,171.87462142923178,1859167.78,10817.0
Brooklyn,2020,8,25.32237747586585,74.00349369047044,1530614.26,20683.0
EWR,2020,8,56.13333333333333,16.14,16.14,1.0
Manhattan,2020,8,10.397553514324873,8.711961756836129,241091.755,15323.5
Queens,2020,8,19.0999622148942,18.81156979939544,259594.675,7279.0
Staten Island,2020,8,45.70959915611815,112.36746835443036,17754.059999999998,158.0
Unknown,2020,8,29.16707566462168,12.306748466257668,2006.0,163.0
Bronx,2020,9,24.608079916552995,40.64979539436733,506618.4,12463.0
Brooklyn,2020,9,19.66745826396076,4.547853800116997,76178.315,11112.0
Manhattan,2020,9,15.267186922700539,4.322588897876037,80035.84,16691.0
Queens,2020,9,12.69550342539742,7.443488469338683,104855.13666666666,5315.0
Staten Island,2020,9,61.37926829268292,24.437642276422764,3005.83,123.0
Unknown,2020,9,82.48950131233595,10.48267716535433,1331.3,127.0
Bronx,2020,10,19.739291045736493,44.897729132885495,542555.74,6476.0
Brooklyn,2020,10,26.379959456452195,23.484212008678963,435688.3,11983.5
EWR,2020,10,84.48333333333333,37.12,37.12,1.0
Manhattan,2020,10,12.103126798477675,2.142011835143414,58188.16,17956.5
Queens,2020,10,12.632949982740138,13.699445958467326,249234.06,9174.5
Staten Island,2020,10,46.500136612021855,21.594590163934427,2634.54,122.0
Unknown,2020,10,70.69633569739952,11.849219858156028,1670.74,141.0
Bronx,2020,11,24.99748872052439,102.12926364178088,1199712.46,11747.0
Brooklyn,2020,11,24.601930845749536,34.19409017853265,787182.15,23021.0
Manhattan,2020,11,11.588550718123889,9.689776023251634,297522.51,16687.5
Queens,2020,11,22.69772256127095,31.216385934321423,435832.38,8603.0
Staten Island,2020,11,55.87355555555556,18.865466666666663,1414.91,75.0
Unknown,2020,11,35.46231481481481,561.9133333333334,101144.4,180.0
Bronx,2020,12,21.776871710626388,41.61795838276901,456007.97,10957.0
Brooklyn,2020,12,15.157933369693664,11.089836681513802,211730.45333333334,7334.666666666667
Manhattan,2020,12,17.454130242189418,5.632234781773351,96569.93999999999,15615.0
Queens,2020,12,23.95983975145123,50.96554758400785,831146.15,16308.0
Staten Island,2020,12,43.06586879432624,19.410797872340424,3649.23,188.0
Unknown,2020,12,33.216043613707164,13.178691588785046,2820.24,214.0
Bronx,2021,1,14.07440028377219,59.37862353989308,589792.36,5051.5
Brooklyn,2021,1,22.805564305753805,42.06491558793129,854632.89,20317.0
Manhattan,2021,1,16.13894979022872,9.922227974015428,293261.37,29556.0
Queens,2021,1,23.422604524313925,53.12350646504493,727207.68,13689.0
Staten Island,2021,1,43.91948529411765,21.19338235294118,2882.3,136.0
Unknown,2021,1,29.46348195329087,440.4542675159236,69151.32,157.0
Bronx,2021,2,23.218609736448386,40.7665116814363,354220.22,8689.0
Brooklyn,2021,2,23.99925750106506,11.6179782119165,190895.0,16431.0
Manhattan,2021,2,17.659585948262666,7.246457599877544,189364.43,26132.0
Queens,2021,2,124.6005094614265,33.313225072780206,210436.5,5496.5
Staten Island,2021,2,53.31484848484848,23.15536363636364,2547.09,110.0
Unknown,2021,2,33.87561521252797,12.761879194630872,1901.52,149.0
Bronx,2021,3,22.937655701053977,63.7455621207282,798349.4199999999,12524.0
Brooklyn,2021,3,24.10242424242424,15.660049628942485,337630.67,21560.0
Manhattan,2021,3,17.45403378656778,6.893749072929543,223081.72,32360.0
Queens,2021,3,23.610806091086896,21.75636141380274,311464.07,14316.0
Staten Island,2021,3,54.88382352941176,22.36470588235294,3802.0,170.0
Unknown,2021,3,32.71798561151079,11.340647482014388,1576.35,139.0
Bronx,2021,4,24.872161144388,172.44428918037758,2274367.73,13189.0
Brooklyn,2021,4,14.855553516071138,26.57654766275086,538336.0366666667,7265.0
Manhattan,2021,4,12.58383380921215,3.9459272444818434,69206.15000000001,11037.666666666666
Queens,2021,4,16.767592407370365,43.40906647996266,640208.65,7499.0
Staten Island,2021,4,56.82803921568628,22.124235294117646,3761.12,170.0
Unknown,2021,4,28.98862433862434,10.431851851851851,1971.62,189.0
Bronx,2021,5,30.016759020081658,134.50073327222734,1535363.3,6001.0
Brooklyn,2021,5,26.01670036263278,251.0369635120824,5215041.88,20774.0
Manhattan,2021,5,12.215264221425063,22.46202107839048,791754.5399999999,17981.0
Queens,2021,5,19.827477697214277,57.542401161888286,832966.65,5011.666666666667
Staten Island,2021,5,75.17853881278538,20.27650684931507,2960.37,146.0
Unknown,2021,5,34.43479853479853,11.045714285714284,2010.32,182.0
Bronx,2021,6,26.4245362392296,397.755445514445,3923857.47,9865.0
Brooklyn,2021,6,27.404663461538465,260.02353792735045,4867640.63,18720.0
EWR,2021,6,0.1,0.06,0.06,1.0
Manhattan,2021,6,18.559745949471974,43.11746456338922,1536100.37,18907.5
Queens,2021,6,26.97307943305802,322.6208981339859,5273238.58,16345.0
Staten Island,2021,6,67.47513812154696,20.88198895027624,3779.64,181.0
Unknown,2021,6,37.71068627450981,12.022058823529411,2043.75,170.0
Bronx,2021,7,47.94330312185298,182.47544587977916,1711366.185,4800.0
Brooklyn,2021,7,37.08902523534388,150.15135212484478,2726401.0100000002,9261.0
Manhattan,2021,7,48.283842756295705,21.420406752594957,550139.1,7015.2
Queens,2021,7,51.52834790139774,143.8848775982218,2316619.8400000003,8325.0
Staten Island,2021,7,52.41362799263352,21.71121546961326,3929.73,181.0
Unknown,2021,7,40.58501683501683,11.81439393939394,2339.25,198.0
Bronx,2021,8,14.355267964815209,264.3828942328155,2482415.16,4699.5
Brooklyn,2021,8,15.275734434310179,169.29803578174753,3133680.905,9265.0
EWR,2021,8,0.0333333333333333,0.02,0.02,1.0
Manhattan,2021,8,18.385018161497623,36.412939368538694,1216013.2366666666,11930.666666666666
Queens,2021,8,24.523185279701867,179.5426449143274,2859838.31,8230.0
Staten Island,2021,8,66.54496527777778,822.9835937500001,158012.85,192.0
Unknown,2021,8,34.26637426900585,568.247894736842,97170.38999999998,171.0
Bronx,2021,9,28.530317443540145,557.9011711235598,5278302.98,9461.0
Brooklyn,2021,9,156.72143085258983,108.58777991588313,2180027.69,6843.333333333333
EWR,2021,9,39.7,21.64,21.64,1.0
Manhattan,2021,9,16.59701074990286,38.45387074213185,1446873.755,19303.5
Queens,2021,9,18.564186866269203,107.43368292789067,2451025.54,11490.0
Staten Island,2021,9,57.44017467248908,21.080786026200872,4827.5,229.0
Unknown,2021,9,38.59926253687316,199.6732300884956,45126.15,226.0
Bronx,2021,10,555.0291263812154,227.32438437253353,2285967.635,5068.5
Brooklyn,2021,10,156.53359027040756,72.55474827877107,1746212.93,8167.0
EWR,2021,10,0.0333333333333333,0.04,0.04,1.0
Manhattan,2021,10,25.130741764065228,78.31076683551521,3571205.9,45603.0
Queens,2021,10,23.85660634797755,102.96150261273466,2567524.7,12918.0
Staten Island,2021,10,58.491960784313726,263.5249411764706,67198.86,255.0
Unknown,2021,10,51.83929663608563,13.077385321100916,2850.87,218.0
Bronx,2021,11,31.225607779578606,580.7167466234469,5374533.49,9255.0
Brooklyn,2021,11,29.012720406500694,262.8421966778509,6345273.47,24141.0
EWR,2021,11,4.775,0.42,0.84,2.0
Manhattan,2021,11,15.919264029794665,49.363872035453,2212445.6999999997,22622.5
Queens,2021,11,13.950217826212851,62.88377536918583,1566636.815,6332.5
Staten Island,2021,11,61.386339869281045,22.10027450980392,5635.57,255.0
Unknown,2021,11,40.72949735449736,14.070238095238096,3545.7,252.0
Bronx,2021,12,32.01746801438783,716.0205108591723,5241986.16,7321.0
Brooklyn,2021,12,17.83210980559372,136.68630620173403,2859921.725,10554.0
EWR,2021,12,33.855555555555554,14.226666666666668,42.68,3.0
Manhattan,2021,12,10.619547292365894,32.01361312513732,1359814.03,14666.333333333334
Queens,2021,12,12.839729006678601,53.037711039898376,1207275.2733333332,7698.333333333333
Staten Island,2021,12,63.15761078998073,22.929219653179192,7933.51,346.0
Unknown,2021,12,44.2130303030303,341.7255,75179.61,220.0
Bronx,2022,1,22.98876857749469,375.9594097664544,885384.41,2355.0
Brooklyn,2022,1,506.6264260342667,133.47245194316758,1241611.35,4786.5
Manhattan,2022,1,15.254714395189813,16.832765857109173,468812.175,16964.5
Queens,2022,1,359.5056485409436,22.12668762051678,269437.27,6483.5
Staten Island,2022,1,32.833333333333336,16.7,100.2,6.0
Unknown,2022,1,8.160677083333333,223.7325,14318.88,64.0
Bronx,2022,2,446.9375351782364,220.4772209193246,469205.03500000003,1066.5
Brooklyn,2022,2,24.481067929878837,218.1206844547564,2256240.36,10344.0
Manhattan,2022,2,11.723267432244644,30.229807028312745,1155500.2650000001,19551.0
Queens,2022,2,17.607423982051646,42.97233294250323,583494.4299999999,6991.0
Staten Island,2022,2,28.98333333333333,12.686666666666667,38.06,3.0
Unknown,2022,2,11.739285714285714,4.322619047619048,363.1,84.0
Bronx,2022,3,15.612623512805001,57.028086307723335,92207.93333333335,551.6666666666666
Brooklyn,2022,3,24.31706516223396,81.20012425002238,889316.475,5584.5
EWR,2022,3,0.075,0.02,0.04,2.0
Manhattan,2022,3,12.774772965008658,24.03770030635748,1042299.24,22361.0
Queens,2022,3,20.003966083216092,34.84647044540774,544864.1,8245.5
Staten Island,2022,3,27.311111111111117,11.183333333333332,67.1,6.0
Unknown,2022,3,17.670281124497993,5.879397590361446,487.99,83.0
Bronx,2022,4,24.263883474117392,288.05746588693955,443320.44,1539.0
Brooklyn,2022,4,19.128758627121805,148.1603763290431,1573834.18,5361.5
Manhattan,2022,4,11.751177456267627,18.71917170346479,767040.4966666666,14538.0
Queens,2022,4,13.347897791474065,36.766775038520805,583481.41,8113.5
Staten Island,2022,4,11.0,5.446,27.23,5.0
Unknown,2022,4,17.37451923076923,7.402980769230769,769.91,104.0
Bronx,2022,5,23.54977477477477,554.843314028314,862226.51,1554.0
Brooklyn,2022,5,21.367692796855128,106.70511012833853,1204177.28,5767.0
EWR,2022,5,56.016666666666666,16.66,16.66,1.0
Manhattan,2022,5,18.14220027515723,52.33034198113208,2059386.26,21200.5
Queens,2022,5,17.665751325911074,49.45541782195111,805520.2200000001,8379.5
Staten Island,2022,5,14.318055555555556,5.602499999999999,67.22999999999999,12.0
Unknown,2022,5,22.40580357142857,8.207678571428572,919.26,112.0
Bronx,2022,6,25.884311400908917,672.3836633076467,1134311.24,1687.0
Brooklyn,2022,6,20.226036411996695,105.02523754929837,1116363.395,5452.0
EWR,2022,6,0.0666666666666666,0.01,0.01,1.0
Manhattan,2022,6,16.32512041435735,22.04797596661388,794029.4866666667,13473.0
Queens,2022,6,23.691582897168388,41.46377769324514,612931.6766666666,5259.0
Staten Island,2022,6,25.0,9.08,54.48,6.0
Unknown,2022,6,19.70359477124183,9.512156862745098,970.24,102.0
Bronx,2022,7,19.28159298780488,330.96708079268296,434228.81000000006,1312.0
Brooklyn,2022,7,23.467886221294364,155.8004258872651,1492568.08,9580.0
Manhattan,2022,7,15.086003701594532,39.23159624145786,1308894.585,17561.0
Queens,2022,7,23.179937581004083,38.94614206587924,505286.415,6816.5
Staten Island,2022,7,15.384722222222225,5.946666666666666,71.36,12.0
Unknown,2022,7,10.89622641509434,4.740943396226415,502.54,106.0
Bronx,2022,8,19.77776944236059,188.16545386346587,250824.55,1333.0
Brooklyn,2022,8,23.928033293133062,74.78053393268281,655306.05,4561.0
EWR,2022,8,46.900000000000006,19.69,39.38,2.0
Manhattan,2022,8,34.1786098268268,17.206182939840783,530978.245,18277.0
Queens,2022,8,17.73035126105778,34.03590273856578,466654.40499999997,7089.5
Staten Island,2022,8,36.80555555555556,10.553333333333336,94.98,9.0
Unknown,2022,8,16.116531165311653,5.282113821138212,649.7,123.0
Bronx,2022,9,22.618430397727277,721.0389630681818,1015222.86,1408.0
Brooklyn,2022,9,19.63200270142007,120.24508542328331,1086225.825,4566.0
EWR,2022,9,23.166666666666664,13.16,26.32,2.0
Manhattan,2022,9,19.10850981623451,33.41465642743139,1204429.94,19112.0
Queens,2022,9,30.82715843838641,27.757627274395322,366946.52,5280.0
Staten Island,2022,9,20.616666666666667,9.93,69.51,7.0
Unknown,2022,9,14.816794871794873,5.237384615384616,680.86,130.0
Bronx,2022,10,19.406374695863747,740.4022481751824,1014351.08,1370.0
Brooklyn,2022,10,17.143873253394112,88.74923743930233,886992.9049999999,5046.5
EWR,2022,10,23.74791666666667,14.49625,115.97,8.0
Manhattan,2022,10,12.493839682220885,15.409856982660507,558210.1233333334,13279.0
Queens,2022,10,21.013797427909576,48.887416486939856,644614.2066666667,4638.666666666667
Staten Island,2022,10,25.60833333333333,10.06,20.12,2.0
Unknown,2022,10,28.867409766454355,4.823375796178344,757.27,157.0
Bronx,2022,11,24.03063973063973,13.15425160697888,14324.98,1089.0
Brooklyn,2022,11,22.5627974386943,149.99499151617988,1221191.175,4126.0
EWR,2022,11,19.23333333333333,8.66,25.98,3.0
Manhattan,2022,11,16.649472546208216,18.659355130008,626029.37,18140.5
Queens,2022,11,20.75854465408805,57.0578679245283,740599.57,6627.5
Staten Island,2022,11,46.8,20.436,102.18,5.0
Unknown,2022,11,16.38927392739274,6.453960396039604,651.85,101.0
Bronx,2022,12,22.69147118447727,55.24390964378801,63585.74,1151.0
Brooklyn,2022,12,18.820268317853454,49.49696542827658,460348.46499999997,4846.5
Manhattan,2022,12,17.042264528392725,32.13986901411958,1290640.72,40157.0
Queens,2022,12,18.529561243536495,20.150368907742003,323155.74,8674.5
Staten Island,2022,12,226.17962962962963,38.830000000000005,349.47,9.0
Unknown,2022,12,70.94488188976378,12.663700787401574,1608.29,127.0
Bronx,2023,1,19.263214550853743,146.13269487750557,131227.16,898.0
Brooklyn,2023,1,453.89370470482237,10.75637090139852,58685.08,4255.0
Manhattan,2023,1,16.48685088014062,5.777829761935535,223526.9,38687.0
Queens,2023,1,24.954387943885425,4.951155765852101,26988.48,5566.333333333333
Staten Island,2023,1,13.38148148148148,3.641111111111112,32.77,9.0
Unknown,2023,1,25.35617283950617,7.361851851851852,397.54,54.0
Bronx,2023,2,18.038205681409565,7.406990291262136,6866.28,927.0
Brooklyn,2023,2,540.0369963259044,16.191171269379844,121167.985,4128.5
EWR,2023,2,38.025,7.04,14.08,2.0
Manhattan,2023,2,14.387355582633813,6.997957487137828,218460.01,18466.0
Queens,2023,2,11.896643118964528,5.66561132642904,65794.75,5252.666666666667
Staten Island,2023,2,65.0,18.83,18.83,1.0
Unknown,2023,2,28.875735294117646,60.30617647058824,4100.82,68.0
Bronx,2023,4,26.625225225225226,22.814132519616397,26167.81,1147.0
Brooklyn,2023,4,24.493731915964272,11.23678072713549,62894.07,3975.0
EWR,2023,4,42.60416666666666,21.07,84.28,4.0
Manhattan,2023,4,14.749276338606835,6.63498846143585,159963.00499999998,18742.5
Queens,2023,4,19.388031319910517,23.351178651326304,365329.19,15645.0
Staten Island,2023,4,13.473333333333334,3.33,16.65,5.0
Unknown,2023,4,19.22930107526882,7.5159677419354844,465.99,62.0
Bronx,2023,6,23.64266211604096,101.2686604095563,118686.87,1172.0
Brooklyn,2023,6,28.1945664696919,22.77368770208496,157623.605,4485.0
Manhattan,2023,6,15.186821920958039,9.430989526142412,292875.18,17759.5
Queens,2023,6,18.035896031166303,11.74184055677299,150003.76666666666,5478.333333333333
Staten Island,2023,6,33.05238095238095,16.675714285714285,116.73,7.0
Unknown,2023,6,18.477777777777774,6.020864197530864,487.69,81.0
